"TYPE","site","DATE","HOUR","value","se","tide","elevation","azimuth","day_index","hour_continuous","wtmp_c","wtmp_f","n_obs","tide_temp_pc1"
"Barren","harris_island",2025-07-23,16,-0.696185623719756,0.213125748409126,5.75,37.7140910969598,66.4024998122849,0,0,11.77,53.186,10,-0.447767722120419
"Barren","harris_island",2025-07-23,17,0.346767543803376,0.16822972898857,4.4,29.8997787817013,80.5582088304783,0,1,12.08,53.744,10,-0.0169110231659146
"Barren","harris_island",2025-07-23,18,-0.21714365138511,0.206117731333428,3.57,21.7626837378567,93.3704100614572,0,2,12.28,54.104,10,0.253153451610262
"Barren","harris_island",2025-07-23,19,-0.228178409372525,0.193672246903422,3.57,13.7244081534383,105.54511893326,0,3,12.29,54.122,10,0.258646349890261
"Barren","harris_island",2025-07-23,20,-0.63592173389369,0.221352414393008,4.47,6.14478533539934,117.623614922461,0,4,11.8,53.24,10,-0.184223567346059
"Barren","harris_island",2025-07-23,21,-0.566176149940372,0.171426700456569,6.09,-0.630445397813804,130.009554625632,0,5,11.04,51.872,10,-0.914376059355443
"Barren","harris_island",2025-07-23,22,-1.19059604833237,0.192520442720251,8.03,-6.24863899114702,142.9702659411,0,6,10.24,50.432,10,-1.72826650946841
"Barren","harris_island",2025-07-23,23,-0.868275854689884,0.233001034724111,9.77,-10.3591165039567,156.60500544734,0,7,10.23,50.414,10,-2.06961401734669
"Barren","harris_island",2025-07-24,0,0.484411577084569,0.170716732945482,10.81,-12.6557939796376,170.805906287251,1,8,10.51,50.918,10,-2.11655355170337
"Barren","harris_island",2025-07-24,1,-1.51438611307736,0.219076077929556,10.78,-12.944074088172,-174.733787933515,1,9,10.94,51.692,10,-1.87456832894618
"Barren","harris_island",2025-07-24,2,-1.12159017452273,0.237765681958238,9.54,-11.1983721870958,-160.420718185643,1,10,11.57,52.826,10,-1.28917107299481
"Barren","harris_island",2025-07-24,3,-1.50121024234221,0.226219279211878,7.27,-7.57061901114552,-146.603377338829,1,11,12.18,53.924,10,-0.515949126312496
"Barren","harris_island",2025-07-24,4,-0.805623977553189,0.223762070876685,4.37,-2.34323811150113,-133.44936202526,1,12,12.71,54.878,10,0.334932165191262
"Barren","harris_island",2025-07-24,5,0.537770212615954,0.147782522031801,1.46,4.13937785402077,-120.913863799231,1,13,13.19,55.742,10,1.16027916420076
"Barren","harris_island",2025-07-24,6,0.996180356391023,0.133266674198378,-0.86,11.5221507817358,-108.771705028048,1,14,13.6444444444444,56.56,9,1.85770702105621
"Barren","harris_island",2025-07-24,7,-0.118549981562948,0.172426255122164,-2.09,19.4573745561641,-96.6552253298297,1,15,13.975,57.155,8,2.27669229071742
"Barren","harris_island",2025-07-24,8,-0.129122938613705,0.150228046628405,-2.02,27.591401682914,-84.0632173752222,1,16,13.92,57.056,5,2.23296995783726
"Barren","harris_island",2025-07-24,9,-0.683414314614752,0.168398244890354,-0.72,35.5242381482475,-70.3390639486689,1,17,12.675,54.815,4,1.2981782642315
"Barren","harris_island",2025-07-24,10,-1.19028842663393,0.209476606641882,1.49,42.7432920761316,-54.6601978640068,1,18,11.1,51.98,7,0.00647282696366623
"Barren","harris_island",2025-07-24,11,-1.35136648325009,0.203559397380541,4.07,48.5469806017719,-36.1897524816493,1,19,10.11,50.198,10,-1.03531542043648
"Barren","harris_island",2025-07-24,12,-2.19472938681231,0.198053461255898,6.43,52.0515263152433,-14.6988299078319,1,20,10.05,50.09,10,-1.52379975187045
"Barren","harris_island",2025-07-24,13,-1.20997598616841,0.216068222188714,8.08,52.489005068445,8.4497574072295,1,21,10.03,50.054,10,-1.85326836787709
"Barren","harris_island",2025-07-24,14,-1.85980647124077,0.194287828056515,8.7,49.745827049313,30.5983974360971,1,22,10.28,50.504,10,-1.83561824303281
"Barren","harris_island",2025-07-24,15,-1.98139045677993,0.206040752670263,8.24,44.4628455078008,49.9050921254382,1,23,11.11,51.998,10,-1.29091853612895
"Barren","harris_island",2025-07-24,16,-2.31629935857149,0.197740777740788,6.95,37.5377321200415,66.2569915323637,1,24,11.75,53.15,10,-0.690377387368882
"Barren","harris_island",2025-07-24,17,-1.95245690774979,0.177506933614791,5.3,29.7289949040218,80.4155882944541,1,25,12.17,53.906,10,-0.141192840162268
"Barren","harris_island",2025-07-24,18,-0.259925542792562,0.195488275705203,3.82,21.5927149061982,93.2356345546969,1,26,12.36,54.248,10,0.248841665206827
"Barren","harris_island",2025-07-24,19,-0.0533430488382867,0.176035437989512,3.01,13.5511974342056,105.420487996741,1,27,12.64,54.752,10,0.558988928411526
"Barren","harris_island",2025-07-24,20,-1.15002044319223,0.235312558953254,3.15,5.96516819206574,117.511162030302,1,28,12.66,54.788,10,0.542951940291202
"Barren","harris_island",2025-07-24,21,0.170279742443777,0.19901549219159,4.27,-0.818576398509874,129.912232713903,1,29,12.04,53.672,10,-0.0137900305113295
"Barren","harris_island",2025-07-24,22,0.291639647510384,0.172877435219652,6.1,-6.44603640380355,142.892369511824,1,30,10.97,51.746,10,-0.954756546221176
"Barren","harris_island",2025-07-24,23,0.0742474471447984,0.18473405716848,8.19,-10.564820809344,156.551762422524,1,31,10.19,50.342,10,-1.78661418336021
"Barren","harris_island",2025-07-25,0,-1.09448856937019,0.180976098892273,9.96,-12.8670097780341,170.78208538511,2,32,10.29,50.522,10,-2.0733304068757
"Barren","harris_island",2025-07-25,1,-1.70029050267358,0.187588180988193,10.9,-13.156647733123,-174.725795000339,2,33,10.33,50.594,10,-2.232797510895
"Barren","harris_island",2025-07-25,2,-1.84787269049307,0.206702682425828,10.65,-11.4079109143245,-160.38204582464,2,34,10.54,50.972,10,-2.06919167437158
"Barren","harris_island",2025-07-25,3,-1.54729824390106,0.227824168226172,9.14,-7.7737301107509,-146.538086452387,2,35,11.1,51.98,10,-1.47012933592529
"Barren","harris_island",2025-07-25,4,-1.23730461329459,0.176367301006796,6.63,-2.5382516798652,-133.362638809036,2,36,11.88,53.384,10,-0.557203344745299
"Barren","harris_island",2025-07-25,5,0.0564355725154112,0.208772762683603,3.62,3.95235069271658,-120.810382823149,2,37,12.75,54.95,10,0.501668676241551
"Barren","harris_island",2025-07-25,6,0.910572583001552,0.14563560602922,0.75,11.3415200377374,-108.65491818692,2,38,13.46,56.228,10,1.44563154006809
"Barren","harris_island",2025-07-25,7,1.33266878196698,0.103382840571337,-1.36,19.2803958179367,-96.5275585255752,2,39,14.04,57.272,10,2.1714916094186
"Barren","harris_island",2025-07-25,8,0.302260098699222,0.220027899794905,-2.25,27.4143831088427,-83.9270440144496,2,40,14.25,57.65,10,2.4586301759092
"Barren","harris_island",2025-07-25,9,0.128735632398465,0.242443636380973,-1.77,35.3427201810102,-70.1987394432387,2,41,13.93,57.074,10,2.19020788347383
"Barren","harris_island",2025-07-25,10,0.379675122102993,0.152488214379264,-0.09,42.5525984604896,-54.5259234123506,2,42,12.7,54.86,10,1.19030797887005
"Barren","harris_island",2025-07-25,11,-0.495962012062544,0.229123646208818,2.39,48.3440048173306,-36.082982929561,2,43,11.02,51.836,10,-0.211188260792679
"Barren","harris_island",2025-07-25,12,-0.431335250183292,0.187819107306128,5.06,51.8382952345541,-14.6516802128336,2,44,10.36,50.648,10,-1.08908265510447
"Barren","harris_island",2025-07-25,13,-0.979366145751612,0.192928887291005,7.33,52.2745626592296,8.41603161862549,2,45,10.01,50.018,10,-1.7194892465068
"Barren","harris_island",2025-07-25,14,-1.53773576833603,0.226513549981534,8.7,49.5403439871589,30.4973288699119,2,46,10.12,50.216,10,-1.9235046155128
"Barren","harris_island",2025-07-25,15,-2.09244133613947,0.221758875812065,8.93,44.270084493337,49.7691315489031,2,47,10.52,50.936,10,-1.74818325914478
"Barren","harris_island",2025-07-25,16,-1.65494800521888,0.211422681743171,8.07,37.3553354130546,66.1110084156784,2,48,11.42,52.556,10,-1.08782530805143
"Barren","harris_island",2025-07-25,17,-0.826661949411693,0.190091119040636,6.47,29.5522528881516,80.2720644792768,2,49,12.07,53.726,10,-0.421955094933514
"Barren","harris_island",2025-07-25,18,-0.632330699779535,0.21587202398626,4.64,21.4168450151782,93.0998246783987,2,50,12.59,54.662,10,0.216902015376364
"Barren","harris_island",2025-07-25,19,-0.532556925745518,0.246748418637059,3.16,13.372105779394,105.294891156129,2,51,12.8,55.04,10,0.61792231730546
"Barren","harris_island",2025-07-25,20,-0.134161813008748,0.199235050935649,2.5,5.77966047144579,117.397971475137,2,52,12.8,55.04,10,0.745315445084115
"Barren","harris_island",2025-07-25,21,1.04206983318538,0.1513085658817,2.87,-1.01261590535618,129.814560528167,2,53,12.42,54.356,10,0.465167950931859
"Barren","harris_island",2025-07-25,22,-0.0564345987496557,0.231319981966077,4.23,-6.64933417693375,142.814684547721,2,54,11.55,52.79,10,-0.275221250608353
"Barren","harris_island",2025-07-25,23,-0.0540279025757347,0.173218111707932,6.23,-10.7763468147072,156.499467517673,2,55,10.94,51.692,10,-0.996327826835759
"Barren","harris_island",2025-07-26,0,-0.896289274810797,0.194107957449375,8.36,-13.0838555202397,170.760075407061,3,56,10.47,50.846,10,-1.66562641291775
"Barren","harris_island",2025-07-26,1,-1.24930536836734,0.182566537031528,10.02,-13.3745281725787,-174.715111988092,3,57,10.21,50.378,10,-2.12885478655012
"Barren","harris_island",2025-07-26,2,-1.35819640483056,0.2251240716756,10.71,-11.6223261077925,-160.339917038866,3,58,10.54,50.972,10,-2.080772867806
"Barren","harris_island",2025-07-26,3,-1.0751745500235,0.22295041101001,10.16,-7.98124085638878,-146.46876413707,3,59,10.99,51.782,10,-1.72743150539048
"Barren","harris_island",2025-07-26,4,-0.045231661612045,0.197156559445567,8.38,-2.73721171429283,-133.271498106597,3,60,11.48,52.664,10,-1.11470408444929
"Barren","harris_island",2025-07-26,5,1.1716677921648,0.0722884825766539,5.72,3.76175043492,-120.702231227302,3,61,12.26,54.068,10,-0.172825109683235
"Barren","harris_island",2025-07-26,6,0.644342105638016,0.190367618777311,2.75,11.1575733582929,-108.533274055421,3,62,12.8777777777778,55.18,9,0.739783014618457
"Barren","harris_island",2025-07-26,7,1.33667259094772,0.074173556520678,0.11,19.1002191047219,-96.3948646782733,3,63,13.55,56.39,10,1.61860035455526
"Barren","harris_island",2025-07-26,8,0.645442530805431,0.165365219984235,-1.59,27.2341274163082,-83.7856711846787,3,64,14.02,57.236,10,2.20490038769056
"Barren","harris_island",2025-07-26,9,0.777933507024477,0.141148701003863,-2,35.1577524969482,-70.053063613237,3,65,14.31,57.758,10,2.44333259294577
"Barren","harris_island",2025-07-26,10,-0.018010939038004,0.227177480924846,-1.06,42.3580610316431,-54.3862522083801,3,66,13.73,56.714,10,1.9433057955665
"Barren","harris_island",2025-07-26,11,0.0547417878596593,0.205102602474269,0.96,48.1366321311929,-35.9710321412929,3,67,12.28,54.104,10,0.756935366007671
"Barren","harris_island",2025-07-26,12,0.0142035942788099,0.172286880328296,3.58,51.6200375257765,-14.5999956045583,3,68,11.03,51.854,10,-0.435389032295406
"Barren","harris_island",2025-07-26,13,-1.1824092585204,0.211065065780997,6.17,52.0545329340115,8.38567172663834,3,69,10.4,50.72,10,-1.28136314052131
"Barren","harris_island",2025-07-26,14,-0.850762385125342,0.183238284291148,8.14,49.3289300287215,30.3981161312356,3,70,10.48,50.864,10,-1.61766913871154
"Barren","harris_island",2025-07-26,15,-1.53037169380069,0.192856207921068,9.08,44.0712914328858,49.6336823554764,3,71,11.03,51.854,10,-1.49699843045087
"Barren","harris_island",2025-07-26,16,-1.16930648449466,0.194652535571443,8.85,37.1669465272929,65.964664525658,3,72,11.91,53.438,10,-0.969228806978958
"Barren","harris_island",2025-07-26,17,-0.678539133827674,0.191223190858246,7.61,29.3695946377061,80.1277390963372,3,73,12.67,54.806,10,-0.312423873387589
"Barren","harris_island",2025-07-26,18,0.0135803320382274,0.164072131415131,5.77,21.2351162813158,92.9630680598981,3,74,13.19,55.742,10,0.328363435828029
"Barren","harris_island",2025-07-26,19,0.159369158994007,0.130621976240448,3.91,13.1871783038939,105.168403232254,3,75,13.57,56.426,10,0.896110566935126
"Barren","harris_island",2025-07-26,20,0.896286287988555,0.0768368772818572,2.56,5.58831167694911,117.284107106763,3,76,13.61,56.498,10,1.17865901232965
"Barren","harris_island",2025-07-26,21,1.04908501109322,0.0820709431271464,2.14,-1.21250929903488,129.716592778018,3,77,13.5714285714286,56.4285714285714,7,1.2385404730049
"Barren","harris_island",2025-07-26,22,0.440418163703752,0.173544427967061,2.78,-6.85847232454143,142.737258505167,3,78,13.01,55.418,10,0.80662073960346
"Barren","harris_island",2025-07-26,23,0.28927804481756,0.121082357912048,4.35,-10.9936291180964,156.448162751148,3,79,12.3,54.14,10,0.11358373352276
"Barren","harris_island",2025-07-27,0,-1.44419021273257,0.206811889038617,6.42,-13.306260425427,170.739913899365,4,80,11.45,52.61,10,-0.752863793764794
"Barren","harris_island",2025-07-27,1,-1.40497175307508,0.15438144550492,8.44,-13.5976396187006,-174.701706819629,4,81,11,51.8,10,-1.38994439532368
"Barren","harris_island",2025-07-27,2,-1.57630901280193,0.172791306261896,9.84,-11.8415381833184,-160.294308169859,4,82,10.98,51.764,10,-1.67115803868689
"Barren","harris_island",2025-07-27,3,-1.78570137460132,0.150152686856317,10.19,-8.19307006488283,-146.39539842607,4,83,11.2,52.16,10,-1.6178712382277
"Barren","harris_island",2025-07-27,4,-0.850236731112142,0.180922311844399,9.32,-2.94003810226438,-133.175941609865,4,84,11.66,52.988,10,-1.19727061254859
"Barren","harris_island",2025-07-27,5,-0.904576288845577,0.152833826095048,7.35,3.56765373310997,-120.589424813727,4,85,12.21,53.978,10,-0.514912022718395
"Barren","harris_island",2025-07-27,6,0.479483457621515,0.126928673536667,4.69,10.970382325705,-108.406802322943,4,86,12.98,55.364,10,0.421474053767658
"Barren","harris_island",2025-07-27,7,0.871965068557217,0.0950631813033015,1.95,18.9169102996544,-96.2571873943208,4,87,13.8,56.84,7,1.4007662128996
"Barren","harris_island",2025-07-27,8,1.02797839234612,0.092486019527176,-0.26,27.0506952668837,-83.6391571753987,4,88,14.21,57.578,10,2.0525490005475
"Barren","harris_island",2025-07-27,9,1.0150860417,0.112105536446289,-1.43,34.9693924103794,-69.9021104473797,4,89,14.37,57.866,10,2.36626864499875
"Barren","harris_island",2025-07-27,10,1.24061439101121,0.0662298028587583,-1.29,42.1597374334917,-54.2412722431273,4,90,14.01,57.218,10,2.14150152223845
"Barren","harris_island",2025-07-27,11,1.18660656385461,0.0797479978411279,0.08,47.9249256179091,-35.8539893572896,4,91,13.21,55.778,10,1.43763240975249
"Barren","harris_island",2025-07-27,12,-0.242942985869117,0.206454826575596,2.33,51.3968246300823,-14.5438331694719,4,92,12.53,54.554,10,0.629820572921661
"Barren","harris_island",2025-07-27,13,0.520150086210852,0.165038694269343,4.91,51.828990669349,8.35869027557772,4,93,12.2,53.96,10,-0.0494363879985181
"Barren","harris_island",2025-07-27,14,-0.149743389960792,0.183565870246135,7.22,49.1116532102345,30.3008389146871,4,94,12.11,53.798,10,-0.544748419743806
"Barren","harris_island",2025-07-27,15,-0.0691892381617484,0.230879047064305,8.74,43.866523245662,49.4988543720827,4,95,12.38,54.284,10,-0.689830399855876
"Barren","harris_island",2025-07-27,16,-0.648125435142575,0.2241580308282,9.18,36.9726139939074,65.8180701153918,4,96,12.49,54.482,10,-0.714337270628319
"Barren","harris_island",2025-07-27,17,-0.885741402624318,0.194678287282341,8.49,29.1810650259465,79.9827109919253,4,97,12.72,54.896,10,-0.454816885692464
"Barren","harris_island",2025-07-27,18,0.559275129830127,0.158492802551641,6.94,21.0475737873596,92.8254499421897,4,98,13.06,55.508,10,0.0311224862167832
"Barren","harris_island",2025-07-27,19,-0.0530470755557347,0.237552358092887,4.99,12.9964628387084,105.041096862004,4,99,13.32,55.976,10,0.550326628115522
"Barren","harris_island",2025-07-27,20,0.915279477462603,0.193835452678491,3.22,5.39117384564466,117.169630630016,4,100,13.48,56.264,10,0.979858206910998
"Barren","harris_island",2025-07-27,21,0.216305824764213,0.202072655218819,2.11,-1.41819964724192,129.618381993792,4,101,13.7,56.66,10,1.31495404760782
"Barren","harris_island",2025-07-27,22,0.337580706206965,0.165473066724894,1.99,-7.07338880464389,142.660136610037,4,102,13.79,56.822,10,1.38755251899666
"Barren","harris_island",2025-07-27,23,1.08298521628905,0.107554816266961,2.88,-11.2166005527545,156.397887900523,4,103,13.58,56.444,10,1.10041395250606
"Barren","harris_island",2025-07-28,0,-0.508402016457446,0.257400394759836,4.55,-13.5341522545514,170.721636186677,5,104,13.36,56.048,10,0.657226973087957
"Barren","harris_island",2025-07-28,1,-0.276771289712658,0.247878387723062,6.54,-13.8259051414037,-174.685549631941,5,105,13.36,56.048,10,0.273117390846254
"Barren","harris_island",2025-07-28,2,0.196185835842033,0.17286726631565,8.31,-12.0654667459828,-160.245197834916,5,106,13.22,55.796,10,-0.145428391389223
"Barren","harris_island",2025-07-28,3,0.367521306454073,0.160995564394703,9.36,-8.40913609558011,-146.317979746608,5,107,13.2,55.76,10,-0.359085073051628
"Barren","harris_island",2025-07-28,4,0.0277102195250853,0.21220513463353,9.36,-3.14665063696991,-133.075973532807,5,108,13.2,55.76,10,-0.359085073051628
"Barren","harris_island",2025-07-28,5,0.143473990728417,0.16281473677436,8.24,3.37013699009634,-120.471982012432,5,109,13.41,56.138,10,-0.0275519317290734
"Barren","harris_island",2025-07-28,6,-0.171732134669469,0.213199839595668,6.22,10.7800179793323,-108.275535398641,5,110,13.65,56.57,10,0.494177805949828
"Barren","harris_island",2025-07-28,7,-2.14901581399908,0.230546766661036,3.75,18.7305345246368,-96.1145731128867,5,111,13.93,57.074,10,1.1247380875069
"Barren","harris_island",2025-07-28,8,-1.6803419796781,0.212940007615304,1.41,26.8641464435239,-83.4875632786299,5,112,14.16,57.488,10,1.70274129188939
"Barren","harris_island",2025-07-28,9,-0.382366322823066,0.158110690811302,-0.23,34.7776963600847,-69.7459572134828,5,113,14.3,57.74,10,2.09619448835029
"Barren","harris_island",2025-07-28,10,-0.188005483210781,0.118264628304224,-0.79,41.9576845996107,-54.0910751993303,5,114,14.34,57.812,10,2.22625722019157
"Barren","harris_island",2025-07-28,11,-1.15411734944792,0.191920409523696,-0.14,47.7089479977568,-35.7319482023802,5,115,14.05,57.29,10,1.94150024119866
"Barren","harris_island",2025-07-28,12,-2.67271618086018,0.193134018541366,1.54,51.1687282351163,-14.4832556333309,5,116,13.56,56.408,10,1.34807480931484
"Barren","harris_island",2025-07-28,13,-2.99614014345559,0.162362840269104,3.83,51.5980117827465,8.3350927766502,5,117,13.46,56.228,10,0.85113027710103
"Barren","harris_island",2025-07-28,14,-3.05656840644479,0.152026496169329,6.18,48.8885836653145,30.2055699739414,5,118,12.91,55.238,10,0.0954241288528179
"Barren","harris_island",2025-07-28,15,-2.4623313309963,0.161972471849437,8.05,43.6558395595579,49.3647519806895,5,119,12.89,55.202,10,-0.276508863080038
"Barren","samsing_cove",2025-07-23,16,1.64471011655029,0.0103068315867386,5.75,37.7140910969598,66.4024998122849,0,0,11.77,53.186,10,-0.447767722120419
"Barren","samsing_cove",2025-07-23,17,1.65245458232013,0.0165251149539174,4.4,29.8997787817013,80.5582088304783,0,1,12.08,53.744,10,-0.0169110231659146
"Barren","samsing_cove",2025-07-23,18,1.56646557606044,0.0491058239400937,3.57,21.7626837378567,93.3704100614572,0,2,12.28,54.104,10,0.253153451610262
"Barren","samsing_cove",2025-07-23,19,1.63484310528277,0.0137068981652754,3.57,13.7244081534383,105.54511893326,0,3,12.29,54.122,10,0.258646349890261
"Barren","samsing_cove",2025-07-23,20,1.63925090091205,0.00739769005411551,4.47,6.14478533539934,117.623614922461,0,4,11.8,53.24,10,-0.184223567346059
"Barren","samsing_cove",2025-07-23,21,1.61790742529079,0.0165640224337669,6.09,-0.630445397813804,130.009554625632,0,5,11.04,51.872,10,-0.914376059355443
"Barren","samsing_cove",2025-07-23,22,1.56163935319198,0.0592688693659353,8.03,-6.24863899114702,142.9702659411,0,6,10.24,50.432,10,-1.72826650946841
"Barren","samsing_cove",2025-07-23,23,1.58503115633058,0.021689257644741,9.77,-10.3591165039567,156.60500544734,0,7,10.23,50.414,10,-2.06961401734669
"Barren","samsing_cove",2025-07-24,0,1.44720651965172,0.0417435012696566,10.81,-12.6557939796376,170.805906287251,1,8,10.51,50.918,10,-2.11655355170337
"Barren","samsing_cove",2025-07-24,1,1.46093811460262,0.073810325585318,10.78,-12.944074088172,-174.733787933515,1,9,10.94,51.692,10,-1.87456832894618
"Barren","samsing_cove",2025-07-24,2,1.49413968128874,0.0842344376523142,9.54,-11.1983721870958,-160.420718185643,1,10,11.57,52.826,10,-1.28917107299481
"Barren","samsing_cove",2025-07-24,3,1.54844072277732,0.0420285360860325,7.27,-7.57061901114552,-146.603377338829,1,11,12.18,53.924,10,-0.515949126312496
"Barren","samsing_cove",2025-07-24,4,1.60354480243493,0.0360618162598992,4.37,-2.34323811150113,-133.44936202526,1,12,12.71,54.878,10,0.334932165191262
"Barren","samsing_cove",2025-07-24,5,1.56590339687087,0.0718833395994781,1.46,4.13937785402077,-120.913863799231,1,13,13.19,55.742,10,1.16027916420076
"Barren","samsing_cove",2025-07-24,6,1.61979450846523,0.0522902394587426,-0.86,11.5221507817358,-108.771705028048,1,14,13.6444444444444,56.56,9,1.85770702105621
"Barren","samsing_cove",2025-07-24,7,1.59473099172353,0.0572083667384525,-2.09,19.4573745561641,-96.6552253298297,1,15,13.975,57.155,8,2.27669229071742
"Barren","samsing_cove",2025-07-24,8,1.42666726432108,0.0718438528636668,-2.02,27.591401682914,-84.0632173752222,1,16,13.92,57.056,5,2.23296995783726
"Barren","samsing_cove",2025-07-24,9,1.65110344407708,0.00765819164348885,-0.72,35.5242381482475,-70.3390639486689,1,17,12.675,54.815,4,1.2981782642315
"Barren","samsing_cove",2025-07-24,10,1.6703405512256,0.010762437937929,1.49,42.7432920761316,-54.6601978640068,1,18,11.1,51.98,7,0.00647282696366623
"Barren","samsing_cove",2025-07-24,11,1.45609964296074,0.0795040363145844,4.07,48.5469806017719,-36.1897524816493,1,19,10.11,50.198,10,-1.03531542043648
"Barren","samsing_cove",2025-07-24,12,1.53308483223287,0.037083937630888,6.43,52.0515263152433,-14.6988299078319,1,20,10.05,50.09,10,-1.52379975187045
"Barren","samsing_cove",2025-07-24,13,1.61856343851312,0.0157658919996703,8.08,52.489005068445,8.4497574072295,1,21,10.03,50.054,10,-1.85326836787709
"Barren","samsing_cove",2025-07-24,14,1.49194023824146,0.089031527971576,8.7,49.745827049313,30.5983974360971,1,22,10.28,50.504,10,-1.83561824303281
"Barren","samsing_cove",2025-07-24,15,1.61033582871771,0.0555302164721348,8.24,44.4628455078008,49.9050921254382,1,23,11.11,51.998,10,-1.29091853612895
"Barren","samsing_cove",2025-07-24,16,1.64907055966441,0.0184151730911551,6.95,37.5377321200415,66.2569915323637,1,24,11.75,53.15,10,-0.690377387368882
"Barren","samsing_cove",2025-07-24,17,1.68288355959139,0.00493091551000982,5.3,29.7289949040218,80.4155882944541,1,25,12.17,53.906,10,-0.141192840162268
"Barren","samsing_cove",2025-07-24,18,1.68191832038063,0.00730788507005982,3.82,21.5927149061982,93.2356345546969,1,26,12.36,54.248,10,0.248841665206827
"Barren","samsing_cove",2025-07-24,19,1.68082453211485,0.00866707586515072,3.01,13.5511974342056,105.420487996741,1,27,12.64,54.752,10,0.558988928411526
"Barren","samsing_cove",2025-07-24,20,1.66765836436955,0.0166390937538631,3.15,5.96516819206574,117.511162030302,1,28,12.66,54.788,10,0.542951940291202
"Barren","samsing_cove",2025-07-24,21,1.67482949267834,0.00866730647925726,4.27,-0.818576398509874,129.912232713903,1,29,12.04,53.672,10,-0.0137900305113295
"Barren","samsing_cove",2025-07-24,22,1.62815583018938,0.0523357783786194,6.1,-6.44603640380355,142.892369511824,1,30,10.97,51.746,10,-0.954756546221176
"Barren","samsing_cove",2025-07-24,23,1.63259656166567,0.0302123417649687,8.19,-10.564820809344,156.551762422524,1,31,10.19,50.342,10,-1.78661418336021
"Barren","samsing_cove",2025-07-25,0,1.58234550286525,0.0655227044644979,9.96,-12.8670097780341,170.78208538511,2,32,10.29,50.522,10,-2.0733304068757
"Barren","samsing_cove",2025-07-25,1,1.64984779214509,0.0109199961649887,10.9,-13.156647733123,-174.725795000339,2,33,10.33,50.594,10,-2.232797510895
"Barren","samsing_cove",2025-07-25,2,1.56522399287352,0.0691650257894425,10.65,-11.4079109143245,-160.38204582464,2,34,10.54,50.972,10,-2.06919167437158
"Barren","samsing_cove",2025-07-25,3,1.61436955691575,0.0298937349455413,9.14,-7.7737301107509,-146.538086452387,2,35,11.1,51.98,10,-1.47012933592529
"Barren","samsing_cove",2025-07-25,4,1.62201970737086,0.0247250935896226,6.63,-2.5382516798652,-133.362638809036,2,36,11.88,53.384,10,-0.557203344745299
"Barren","samsing_cove",2025-07-25,5,1.68270739066925,0.0033589709510164,3.62,3.95235069271658,-120.810382823149,2,37,12.75,54.95,10,0.501668676241551
"Barren","samsing_cove",2025-07-25,6,1.69786019134922,0.0035705525271497,0.75,11.3415200377374,-108.65491818692,2,38,13.46,56.228,10,1.44563154006809
"Barren","samsing_cove",2025-07-25,7,1.56745430882009,0.0758903646593806,-1.36,19.2803958179367,-96.5275585255752,2,39,14.04,57.272,10,2.1714916094186
"Barren","samsing_cove",2025-07-25,8,1.69868966339382,0.00453359067080868,-2.25,27.4143831088427,-83.9270440144496,2,40,14.25,57.65,10,2.4586301759092
"Barren","samsing_cove",2025-07-25,9,1.6983480316506,0.00358625041867071,-1.77,35.3427201810102,-70.1987394432387,2,41,13.93,57.074,10,2.19020788347383
"Barren","samsing_cove",2025-07-25,10,1.66816238500775,0.0167630861919605,-0.09,42.5525984604896,-54.5259234123506,2,42,12.7,54.86,10,1.19030797887005
"Barren","samsing_cove",2025-07-25,11,1.59022647495365,0.0419022037707103,2.39,48.3440048173306,-36.082982929561,2,43,11.02,51.836,10,-0.211188260792679
"Barren","samsing_cove",2025-07-25,12,1.58738317694344,0.0413128281448097,5.06,51.8382952345541,-14.6516802128336,2,44,10.36,50.648,10,-1.08908265510447
"Barren","samsing_cove",2025-07-25,13,1.63047432957841,0.0112971576580712,7.33,52.2745626592296,8.41603161862549,2,45,10.01,50.018,10,-1.7194892465068
"Barren","samsing_cove",2025-07-25,14,1.63396428796293,0.0171695659003363,8.7,49.5403439871589,30.4973288699119,2,46,10.12,50.216,10,-1.9235046155128
"Barren","samsing_cove",2025-07-25,15,1.59139121872004,0.0537942724375301,8.93,44.270084493337,49.7691315489031,2,47,10.52,50.936,10,-1.74818325914478
"Barren","samsing_cove",2025-07-25,16,1.49243188897995,0.0797988413129653,8.07,37.3553354130546,66.1110084156784,2,48,11.42,52.556,10,-1.08782530805143
"Barren","samsing_cove",2025-07-25,17,1.60991961115425,0.0599567635720364,6.47,29.5522528881516,80.2720644792768,2,49,12.07,53.726,10,-0.421955094933514
"Barren","samsing_cove",2025-07-25,18,1.58829801766078,0.0514139700656737,4.64,21.4168450151782,93.0998246783987,2,50,12.59,54.662,10,0.216902015376364
"Barren","samsing_cove",2025-07-25,19,1.63711149462875,0.0417282762192894,3.16,13.372105779394,105.294891156129,2,51,12.8,55.04,10,0.61792231730546
"Barren","samsing_cove",2025-07-25,20,1.62059376309059,0.0305808333710282,2.5,5.77966047144579,117.397971475137,2,52,12.8,55.04,10,0.745315445084115
"Barren","samsing_cove",2025-07-25,21,1.67262010882879,0.0048384094130707,2.87,-1.01261590535618,129.814560528167,2,53,12.42,54.356,10,0.465167950931859
"Barren","samsing_cove",2025-07-25,22,1.65542763643957,0.0167645620386096,4.23,-6.64933417693375,142.814684547721,2,54,11.55,52.79,10,-0.275221250608353
"Barren","samsing_cove",2025-07-25,23,1.62253608807041,0.0402273061137001,6.23,-10.7763468147072,156.499467517673,2,55,10.94,51.692,10,-0.996327826835759
"Barren","samsing_cove",2025-07-26,0,1.63347034454874,0.0113958153442977,8.36,-13.0838555202397,170.760075407061,3,56,10.47,50.846,10,-1.66562641291775
"Barren","samsing_cove",2025-07-26,1,1.48193528034388,0.0679165024180754,10.02,-13.3745281725787,-174.715111988092,3,57,10.21,50.378,10,-2.12885478655012
"Barren","samsing_cove",2025-07-26,2,1.50962343653937,0.0322688659949283,10.71,-11.6223261077925,-160.339917038866,3,58,10.54,50.972,10,-2.080772867806
"Barren","samsing_cove",2025-07-26,3,1.58843971889643,0.020181764140445,10.16,-7.98124085638878,-146.46876413707,3,59,10.99,51.782,10,-1.72743150539048
"Barren","samsing_cove",2025-07-26,4,1.64402167220767,0.0071510959634392,8.38,-2.73721171429283,-133.271498106597,3,60,11.48,52.664,10,-1.11470408444929
"Barren","samsing_cove",2025-07-26,5,1.46081362874861,0.0661573592263805,5.72,3.76175043492,-120.702231227302,3,61,12.26,54.068,10,-0.172825109683235
"Barren","samsing_cove",2025-07-26,6,1.6024570247251,0.0357833167774077,2.75,11.1575733582929,-108.533274055421,3,62,12.8777777777778,55.18,9,0.739783014618457
"Barren","samsing_cove",2025-07-26,7,1.64672604270777,0.0196512269085525,0.11,19.1002191047219,-96.3948646782733,3,63,13.55,56.39,10,1.61860035455526
"Barren","samsing_cove",2025-07-26,8,1.61042089810662,0.0585318172669027,-1.59,27.2341274163082,-83.7856711846787,3,64,14.02,57.236,10,2.20490038769056
"Barren","samsing_cove",2025-07-26,9,1.6483985522685,0.039494884346766,-2,35.1577524969482,-70.053063613237,3,65,14.31,57.758,10,2.44333259294577
"Barren","samsing_cove",2025-07-26,10,1.52021018874254,0.0720813540381537,-1.06,42.3580610316431,-54.3862522083801,3,66,13.73,56.714,10,1.9433057955665
"Barren","samsing_cove",2025-07-26,11,1.42940603891071,0.120787619348353,0.96,48.1366321311929,-35.9710321412929,3,67,12.28,54.104,10,0.756935366007671
"Barren","samsing_cove",2025-07-26,12,1.48308666011388,0.0923167547548037,3.58,51.6200375257765,-14.5999956045583,3,68,11.03,51.854,10,-0.435389032295406
"Barren","samsing_cove",2025-07-26,13,1.39703969062488,0.088821460385284,6.17,52.0545329340115,8.38567172663834,3,69,10.4,50.72,10,-1.28136314052131
"Barren","samsing_cove",2025-07-26,14,1.41762396320656,0.0915522344321057,8.14,49.3289300287215,30.3981161312356,3,70,10.48,50.864,10,-1.61766913871154
"Barren","samsing_cove",2025-07-26,15,1.5969232353335,0.0560822784692802,9.08,44.0712914328858,49.6336823554764,3,71,11.03,51.854,10,-1.49699843045087
"Barren","samsing_cove",2025-07-26,16,1.65066805335441,0.0182034610747045,8.85,37.1669465272929,65.964664525658,3,72,11.91,53.438,10,-0.969228806978958
"Barren","samsing_cove",2025-07-26,17,1.62104232707023,0.0567896014256956,7.61,29.3695946377061,80.1277390963372,3,73,12.67,54.806,10,-0.312423873387589
"Barren","samsing_cove",2025-07-26,18,1.68768378118171,0.00265976178628922,5.77,21.2351162813158,92.9630680598981,3,74,13.19,55.742,10,0.328363435828029
"Barren","samsing_cove",2025-07-26,19,1.68650757050724,0.00244254075060373,3.91,13.1871783038939,105.168403232254,3,75,13.57,56.426,10,0.896110566935126
"Barren","samsing_cove",2025-07-26,20,1.63436728062239,0.0469302593589447,2.56,5.58831167694911,117.284107106763,3,76,13.61,56.498,10,1.17865901232965
"Barren","samsing_cove",2025-07-26,21,1.66777606858238,0.00811818542117647,2.14,-1.21250929903488,129.716592778018,3,77,13.5714285714286,56.4285714285714,7,1.2385404730049
"Barren","samsing_cove",2025-07-26,22,1.41821582556596,0.100313534578716,2.78,-6.85847232454143,142.737258505167,3,78,13.01,55.418,10,0.80662073960346
"Barren","samsing_cove",2025-07-26,23,1.5802186904808,0.0452918547940677,4.35,-10.9936291180964,156.448162751148,3,79,12.3,54.14,10,0.11358373352276
"Barren","samsing_cove",2025-07-27,0,1.51737207960088,0.0813656354130446,6.42,-13.306260425427,170.739913899365,4,80,11.45,52.61,10,-0.752863793764794
"Barren","samsing_cove",2025-07-27,1,1.41222612470344,0.0968690875562498,8.44,-13.5976396187006,-174.701706819629,4,81,11,51.8,10,-1.38994439532368
"Barren","samsing_cove",2025-07-27,2,1.55069577456849,0.0374569091452052,9.84,-11.8415381833184,-160.294308169859,4,82,10.98,51.764,10,-1.67115803868689
"Barren","samsing_cove",2025-07-27,3,1.50049295498231,0.0840201109937002,10.19,-8.19307006488283,-146.39539842607,4,83,11.2,52.16,10,-1.6178712382277
"Barren","samsing_cove",2025-07-27,4,1.65392588729761,0.0232353700793919,9.32,-2.94003810226438,-133.175941609865,4,84,11.66,52.988,10,-1.19727061254859
"Barren","samsing_cove",2025-07-27,5,1.64581535372257,0.0317704462479045,7.35,3.56765373310997,-120.589424813727,4,85,12.21,53.978,10,-0.514912022718395
"Barren","samsing_cove",2025-07-27,6,1.41964640759562,0.106924062245762,4.69,10.970382325705,-108.406802322943,4,86,12.98,55.364,10,0.421474053767658
"Barren","samsing_cove",2025-07-27,7,1.66637286577394,0.0179903832736116,1.95,18.9169102996544,-96.2571873943208,4,87,13.8,56.84,7,1.4007662128996
"Barren","samsing_cove",2025-07-27,8,1.66105672709293,0.0407053311295235,-0.26,27.0506952668837,-83.6391571753987,4,88,14.21,57.578,10,2.0525490005475
"Barren","samsing_cove",2025-07-27,9,1.66129120346064,0.0341553384321786,-1.43,34.9693924103794,-69.9021104473797,4,89,14.37,57.866,10,2.36626864499875
"Barren","samsing_cove",2025-07-27,10,1.2602383720223,0.191251355566752,-1.29,42.1597374334917,-54.2412722431273,4,90,14.01,57.218,10,2.14150152223845
"Barren","samsing_cove",2025-07-27,11,1.0066932266366,0.214471011080592,0.08,47.9249256179091,-35.8539893572896,4,91,13.21,55.778,10,1.43763240975249
"Barren","samsing_cove",2025-07-27,12,0.383750540128064,0.309744255935244,2.33,51.3968246300823,-14.5438331694719,4,92,12.53,54.554,10,0.629820572921661
"Barren","samsing_cove",2025-07-27,13,1.51589470297297,0.0533862159138591,4.91,51.828990669349,8.35869027557772,4,93,12.2,53.96,10,-0.0494363879985181
"Barren","samsing_cove",2025-07-27,14,0.945024853201753,0.243032147581554,7.22,49.1116532102345,30.3008389146871,4,94,12.11,53.798,10,-0.544748419743806
"Barren","samsing_cove",2025-07-27,15,-1.15769837709843,0.368412543318369,8.74,43.866523245662,49.4988543720827,4,95,12.38,54.284,10,-0.689830399855876
"Barren","samsing_cove",2025-07-27,16,1.11362641299309,0.187407307249465,9.18,36.9726139939074,65.8180701153918,4,96,12.49,54.482,10,-0.714337270628319
"Barren","samsing_cove",2025-07-27,17,0.682114224877429,0.27586470173775,8.49,29.1810650259465,79.9827109919253,4,97,12.72,54.896,10,-0.454816885692464
"Barren","samsing_cove",2025-07-27,18,0.663828732426411,0.283321052826729,6.94,21.0475737873596,92.8254499421897,4,98,13.06,55.508,10,0.0311224862167832
"Barren","samsing_cove",2025-07-27,19,0.904267852692117,0.259659861782446,4.99,12.9964628387084,105.041096862004,4,99,13.32,55.976,10,0.550326628115522
"Barren","samsing_cove",2025-07-27,20,0.490976001788337,0.304266439104402,3.22,5.39117384564466,117.169630630016,4,100,13.48,56.264,10,0.979858206910998
"Barren","samsing_cove",2025-07-27,21,1.52266477744394,0.0670378489142242,2.11,-1.41819964724192,129.618381993792,4,101,13.7,56.66,10,1.31495404760782
"Barren","samsing_cove",2025-07-27,22,1.19934721049696,0.130058953264334,1.99,-7.07338880464389,142.660136610037,4,102,13.79,56.822,10,1.38755251899666
"Barren","samsing_cove",2025-07-27,23,1.58750855780833,0.0568098207765892,2.88,-11.2166005527545,156.397887900523,4,103,13.58,56.444,10,1.10041395250606
"Barren","samsing_cove",2025-07-28,0,1.68364226465644,0.00250140334603124,4.55,-13.5341522545514,170.721636186677,5,104,13.36,56.048,10,0.657226973087957
"Barren","samsing_cove",2025-07-28,1,1.51590911402392,0.0714474922343256,6.54,-13.8259051414037,-174.685549631941,5,105,13.36,56.048,10,0.273117390846254
"Barren","samsing_cove",2025-07-28,2,1.27760410345,0.120749663000149,8.31,-12.0654667459828,-160.245197834916,5,106,13.22,55.796,10,-0.145428391389223
"Barren","samsing_cove",2025-07-28,3,1.53437580801974,0.0888319771481899,9.36,-8.40913609558011,-146.317979746608,5,107,13.2,55.76,10,-0.359085073051628
"Barren","samsing_cove",2025-07-28,4,1.38799769470383,0.110503396312947,9.36,-3.14665063696991,-133.075973532807,5,108,13.2,55.76,10,-0.359085073051628
"Barren","samsing_cove",2025-07-28,5,1.36338504854946,0.108440016788552,8.24,3.37013699009634,-120.471982012432,5,109,13.41,56.138,10,-0.0275519317290734
"Barren","samsing_cove",2025-07-28,6,1.56958618400193,0.0687575364381444,6.22,10.7800179793323,-108.275535398641,5,110,13.65,56.57,10,0.494177805949828
"Barren","samsing_cove",2025-07-28,7,1.15817540253713,0.117015228673168,3.75,18.7305345246368,-96.1145731128867,5,111,13.93,57.074,10,1.1247380875069
"Barren","samsing_cove",2025-07-28,8,1.31702941553722,0.101418240516179,1.41,26.8641464435239,-83.4875632786299,5,112,14.16,57.488,10,1.70274129188939
"Barren","samsing_cove",2025-07-28,9,1.49101806795507,0.0687162855481038,-0.23,34.7776963600847,-69.7459572134828,5,113,14.3,57.74,10,2.09619448835029
"Barren","samsing_cove",2025-07-28,10,1.39082347156955,0.0620962252632982,-0.79,41.9576845996107,-54.0910751993303,5,114,14.34,57.812,10,2.22625722019157
"Barren","samsing_cove",2025-07-28,11,0.91332069505771,0.156027149394988,-0.14,47.7089479977568,-35.7319482023802,5,115,14.05,57.29,10,1.94150024119866
"Barren","samsing_cove",2025-07-28,12,1.52533450536731,0.0763384583724686,1.54,51.1687282351163,-14.4832556333309,5,116,13.56,56.408,10,1.34807480931484
"Barren","samsing_cove",2025-07-28,13,1.64274184441172,0.00417151058219722,3.83,51.5980117827465,8.3350927766502,5,117,13.46,56.228,10,0.85113027710103
"Barren","samsing_cove",2025-07-28,14,1.42966513962757,0.0870938152463409,6.18,48.8885836653145,30.2055699739414,5,118,12.91,55.238,10,0.0954241288528179
"Barren","samsing_cove",2025-07-28,15,1.46698946957522,0.083878155347878,8.05,43.6558395595579,49.3647519806895,5,119,12.89,55.202,10,-0.276508863080038
"Barren","sandy_cove",2025-07-23,16,1.00143707821996,0.104563429140455,5.75,37.7140910969598,66.4024998122849,0,0,11.77,53.186,10,-0.447767722120419
"Barren","sandy_cove",2025-07-23,17,1.24868976748707,0.0779970768092233,4.4,29.8997787817013,80.5582088304783,0,1,12.08,53.744,10,-0.0169110231659146
"Barren","sandy_cove",2025-07-23,18,0.910307198698805,0.0987616817284613,3.57,21.7626837378567,93.3704100614572,0,2,12.28,54.104,10,0.253153451610262
"Barren","sandy_cove",2025-07-23,19,1.01738172292205,0.0885653413682611,3.57,13.7244081534383,105.54511893326,0,3,12.29,54.122,10,0.258646349890261
"Barren","sandy_cove",2025-07-23,20,0.965109667400742,0.0465511930321691,4.47,6.14478533539934,117.623614922461,0,4,11.8,53.24,10,-0.184223567346059
"Barren","sandy_cove",2025-07-23,21,0.650143847994698,0.0709049959504612,6.09,-0.630445397813804,130.009554625632,0,5,11.04,51.872,10,-0.914376059355443
"Barren","sandy_cove",2025-07-23,22,0.595641850502274,0.0762082709925736,8.03,-6.24863899114702,142.9702659411,0,6,10.24,50.432,10,-1.72826650946841
"Barren","sandy_cove",2025-07-23,23,-0.111414729156584,0.107262951920657,9.77,-10.3591165039567,156.60500544734,0,7,10.23,50.414,10,-2.06961401734669
"Barren","sandy_cove",2025-07-24,0,-0.374662909394053,0.128957578850066,10.81,-12.6557939796376,170.805906287251,1,8,10.51,50.918,10,-2.11655355170337
"Barren","sandy_cove",2025-07-24,1,-0.457287170570812,0.135883369704176,10.78,-12.944074088172,-174.733787933515,1,9,10.94,51.692,10,-1.87456832894618
"Barren","sandy_cove",2025-07-24,2,0.125675415857599,0.124014904263488,9.54,-11.1983721870958,-160.420718185643,1,10,11.57,52.826,10,-1.28917107299481
"Barren","sandy_cove",2025-07-24,3,0.827496135655752,0.123534908049017,7.27,-7.57061901114552,-146.603377338829,1,11,12.18,53.924,10,-0.515949126312496
"Barren","sandy_cove",2025-07-24,4,0.788902199554801,0.0972751254237936,4.37,-2.34323811150113,-133.44936202526,1,12,12.71,54.878,10,0.334932165191262
"Barren","sandy_cove",2025-07-24,5,0.99135460188592,0.0934504531182084,1.46,4.13937785402077,-120.913863799231,1,13,13.19,55.742,10,1.16027916420076
"Barren","sandy_cove",2025-07-24,6,1.34168688690098,0.0494413659820707,-0.86,11.5221507817358,-108.771705028048,1,14,13.6444444444444,56.56,9,1.85770702105621
"Barren","sandy_cove",2025-07-24,7,1.50636863564804,0.0177947029238327,-2.09,19.4573745561641,-96.6552253298297,1,15,13.975,57.155,8,2.27669229071742
"Barren","sandy_cove",2025-07-24,8,1.571296742706,0.0202935761336336,-2.02,27.591401682914,-84.0632173752222,1,16,13.92,57.056,5,2.23296995783726
"Barren","sandy_cove",2025-07-24,9,1.48246407091913,0.06640802895393,-0.72,35.5242381482475,-70.3390639486689,1,17,12.675,54.815,4,1.2981782642315
"Barren","sandy_cove",2025-07-24,10,1.46757015817548,0.0285318669060231,1.49,42.7432920761316,-54.6601978640068,1,18,11.1,51.98,7,0.00647282696366623
"Barren","sandy_cove",2025-07-24,11,1.1105833532642,0.0835193458235428,4.07,48.5469806017719,-36.1897524816493,1,19,10.11,50.198,10,-1.03531542043648
"Barren","sandy_cove",2025-07-24,12,1.05223549340176,0.0841179892415877,6.43,52.0515263152433,-14.6988299078319,1,20,10.05,50.09,10,-1.52379975187045
"Barren","sandy_cove",2025-07-24,13,1.15553896722987,0.109298455307694,8.08,52.489005068445,8.4497574072295,1,21,10.03,50.054,10,-1.85326836787709
"Barren","sandy_cove",2025-07-24,14,0.855830770605652,0.14270033080323,8.7,49.745827049313,30.5983974360971,1,22,10.28,50.504,10,-1.83561824303281
"Barren","sandy_cove",2025-07-24,15,0.163567545218109,0.137709183428713,8.24,44.4628455078008,49.9050921254382,1,23,11.11,51.998,10,-1.29091853612895
"Barren","sandy_cove",2025-07-24,16,0.818212015428758,0.137295937697297,6.95,37.5377321200415,66.2569915323637,1,24,11.75,53.15,10,-0.690377387368882
"Barren","sandy_cove",2025-07-24,17,1.1340077876528,0.127847535899216,5.3,29.7289949040218,80.4155882944541,1,25,12.17,53.906,10,-0.141192840162268
"Barren","sandy_cove",2025-07-24,18,1.51793451448251,0.0191567064913027,3.82,21.5927149061982,93.2356345546969,1,26,12.36,54.248,10,0.248841665206827
"Barren","sandy_cove",2025-07-24,19,1.41698610276582,0.0463988343026008,3.01,13.5511974342056,105.420487996741,1,27,12.64,54.752,10,0.558988928411526
"Barren","sandy_cove",2025-07-24,20,1.43766535994301,0.0424980416162989,3.15,5.96516819206574,117.511162030302,1,28,12.66,54.788,10,0.542951940291202
"Barren","sandy_cove",2025-07-24,21,1.21878581548384,0.0667901964836625,4.27,-0.818576398509874,129.912232713903,1,29,12.04,53.672,10,-0.0137900305113295
"Barren","sandy_cove",2025-07-24,22,1.28744201633115,0.0384682337607834,6.1,-6.44603640380355,142.892369511824,1,30,10.97,51.746,10,-0.954756546221176
"Barren","sandy_cove",2025-07-24,23,0.959650145604486,0.134677451122715,8.19,-10.564820809344,156.551762422524,1,31,10.19,50.342,10,-1.78661418336021
"Barren","sandy_cove",2025-07-25,0,0.559029519899257,0.139653922262553,9.96,-12.8670097780341,170.78208538511,2,32,10.29,50.522,10,-2.0733304068757
"Barren","sandy_cove",2025-07-25,1,0.256275524191624,0.138490397045386,10.9,-13.156647733123,-174.725795000339,2,33,10.33,50.594,10,-2.232797510895
"Barren","sandy_cove",2025-07-25,2,0.126479416547579,0.0910647452269877,10.65,-11.4079109143245,-160.38204582464,2,34,10.54,50.972,10,-2.06919167437158
"Barren","sandy_cove",2025-07-25,3,0.605112294261613,0.0798130144614156,9.14,-7.7737301107509,-146.538086452387,2,35,11.1,51.98,10,-1.47012933592529
"Barren","sandy_cove",2025-07-25,4,0.929686844691613,0.0556461318944762,6.63,-2.5382516798652,-133.362638809036,2,36,11.88,53.384,10,-0.557203344745299
"Barren","sandy_cove",2025-07-25,5,1.42431587291031,0.0621323851204459,3.62,3.95235069271658,-120.810382823149,2,37,12.75,54.95,10,0.501668676241551
"Barren","sandy_cove",2025-07-25,6,1.64658883502771,0.0102291805790102,0.75,11.3415200377374,-108.65491818692,2,38,13.46,56.228,10,1.44563154006809
"Barren","sandy_cove",2025-07-25,7,1.51813480711866,0.0415196594520251,-1.36,19.2803958179367,-96.5275585255752,2,39,14.04,57.272,10,2.1714916094186
"Barren","sandy_cove",2025-07-25,8,1.4222866722767,0.0792271274846149,-2.25,27.4143831088427,-83.9270440144496,2,40,14.25,57.65,10,2.4586301759092
"Barren","sandy_cove",2025-07-25,9,1.03146827700141,0.12563538207221,-1.77,35.3427201810102,-70.1987394432387,2,41,13.93,57.074,10,2.19020788347383
"Barren","sandy_cove",2025-07-25,10,1.10711863573686,0.118527461260346,-0.09,42.5525984604896,-54.5259234123506,2,42,12.7,54.86,10,1.19030797887005
"Barren","sandy_cove",2025-07-25,11,0.636876361015347,0.20559891160547,2.39,48.3440048173306,-36.082982929561,2,43,11.02,51.836,10,-0.211188260792679
"Barren","sandy_cove",2025-07-25,12,0.766241901370945,0.1190982888074,5.06,51.8382952345541,-14.6516802128336,2,44,10.36,50.648,10,-1.08908265510447
"Barren","sandy_cove",2025-07-25,13,0.889973521724359,0.0671168515360539,7.33,52.2745626592296,8.41603161862549,2,45,10.01,50.018,10,-1.7194892465068
"Barren","sandy_cove",2025-07-25,14,0.342052302686716,0.122631413423191,8.7,49.5403439871589,30.4973288699119,2,46,10.12,50.216,10,-1.9235046155128
"Barren","sandy_cove",2025-07-25,15,0.976098111628523,0.0757550595173058,8.93,44.270084493337,49.7691315489031,2,47,10.52,50.936,10,-1.74818325914478
"Barren","sandy_cove",2025-07-25,16,0.196399058213703,0.190342672299924,8.07,37.3553354130546,66.1110084156784,2,48,11.42,52.556,10,-1.08782530805143
"Barren","sandy_cove",2025-07-25,17,0.754845762890445,0.183888194823093,6.47,29.5522528881516,80.2720644792768,2,49,12.07,53.726,10,-0.421955094933514
"Barren","sandy_cove",2025-07-25,18,1.03918211044537,0.16572381431188,4.64,21.4168450151782,93.0998246783987,2,50,12.59,54.662,10,0.216902015376364
"Barren","sandy_cove",2025-07-25,19,1.55786626234229,0.0151564157443713,3.16,13.372105779394,105.294891156129,2,51,12.8,55.04,10,0.61792231730546
"Barren","sandy_cove",2025-07-25,20,1.55902413458942,0.0116683831822948,2.5,5.77966047144579,117.397971475137,2,52,12.8,55.04,10,0.745315445084115
"Barren","sandy_cove",2025-07-25,21,1.44499202768675,0.0529017170567371,2.87,-1.01261590535618,129.814560528167,2,53,12.42,54.356,10,0.465167950931859
"Barren","sandy_cove",2025-07-25,22,1.272412619054,0.098948207883624,4.23,-6.64933417693375,142.814684547721,2,54,11.55,52.79,10,-0.275221250608353
"Barren","sandy_cove",2025-07-25,23,1.40821797844536,0.0245792635274773,6.23,-10.7763468147072,156.499467517673,2,55,10.94,51.692,10,-0.996327826835759
"Barren","sandy_cove",2025-07-26,0,1.05700829404815,0.0905579484187902,8.36,-13.0838555202397,170.760075407061,3,56,10.47,50.846,10,-1.66562641291775
"Barren","sandy_cove",2025-07-26,1,0.972259623787817,0.0641416009802834,10.02,-13.3745281725787,-174.715111988092,3,57,10.21,50.378,10,-2.12885478655012
"Barren","sandy_cove",2025-07-26,2,0.751809330169851,0.122057925391943,10.71,-11.6223261077925,-160.339917038866,3,58,10.54,50.972,10,-2.080772867806
"Barren","sandy_cove",2025-07-26,3,0.694267773921592,0.0710940755522376,10.16,-7.98124085638878,-146.46876413707,3,59,10.99,51.782,10,-1.72743150539048
"Barren","sandy_cove",2025-07-26,4,0.655643972024689,0.141037038044371,8.38,-2.73721171429283,-133.271498106597,3,60,11.48,52.664,10,-1.11470408444929
"Barren","sandy_cove",2025-07-26,5,1.14485850209609,0.113512129334815,5.72,3.76175043492,-120.702231227302,3,61,12.26,54.068,10,-0.172825109683235
"Barren","sandy_cove",2025-07-26,6,1.51759810123124,0.0176753699901329,2.75,11.1575733582929,-108.533274055421,3,62,12.8777777777778,55.18,9,0.739783014618457
"Barren","sandy_cove",2025-07-26,7,1.24691901652869,0.144438929510436,0.11,19.1002191047219,-96.3948646782733,3,63,13.55,56.39,10,1.61860035455526
"Barren","sandy_cove",2025-07-26,8,1.59277261253326,0.0138555911021301,-1.59,27.2341274163082,-83.7856711846787,3,64,14.02,57.236,10,2.20490038769056
"Barren","sandy_cove",2025-07-26,9,1.58760048392467,0.0121417567135772,-2,35.1577524969482,-70.053063613237,3,65,14.31,57.758,10,2.44333259294577
"Barren","sandy_cove",2025-07-26,10,1.37037829288988,0.0903227157188313,-1.06,42.3580610316431,-54.3862522083801,3,66,13.73,56.714,10,1.9433057955665
"Barren","sandy_cove",2025-07-26,11,1.28410617123849,0.083307350977475,0.96,48.1366321311929,-35.9710321412929,3,67,12.28,54.104,10,0.756935366007671
"Barren","sandy_cove",2025-07-26,12,0.896611419626548,0.151770924578377,3.58,51.6200375257765,-14.5999956045583,3,68,11.03,51.854,10,-0.435389032295406
"Barren","sandy_cove",2025-07-26,13,1.15036633781055,0.0493967036648947,6.17,52.0545329340115,8.38567172663834,3,69,10.4,50.72,10,-1.28136314052131
"Barren","sandy_cove",2025-07-26,14,1.09684637598907,0.0514328243332822,8.14,49.3289300287215,30.3981161312356,3,70,10.48,50.864,10,-1.61766913871154
"Barren","sandy_cove",2025-07-26,15,1.2618010752167,0.0356221784613811,9.08,44.0712914328858,49.6336823554764,3,71,11.03,51.854,10,-1.49699843045087
"Barren","sandy_cove",2025-07-26,16,1.12404791762804,0.141628976827216,8.85,37.1669465272929,65.964664525658,3,72,11.91,53.438,10,-0.969228806978958
"Barren","sandy_cove",2025-07-26,17,1.39018040213899,0.0245434308410667,7.61,29.3695946377061,80.1277390963372,3,73,12.67,54.806,10,-0.312423873387589
"Barren","sandy_cove",2025-07-26,18,1.55176856512882,0.0175361140470733,5.77,21.2351162813158,92.9630680598981,3,74,13.19,55.742,10,0.328363435828029
"Barren","sandy_cove",2025-07-26,19,1.60576402111512,0.011756205878369,3.91,13.1871783038939,105.168403232254,3,75,13.57,56.426,10,0.896110566935126
"Barren","sandy_cove",2025-07-26,20,1.53820499848372,0.0553513895005122,2.56,5.58831167694911,117.284107106763,3,76,13.61,56.498,10,1.17865901232965
"Barren","sandy_cove",2025-07-26,21,1.49689519523055,0.074655912444477,2.14,-1.21250929903488,129.716592778018,3,77,13.5714285714286,56.4285714285714,7,1.2385404730049
"Barren","sandy_cove",2025-07-26,22,1.57912632371785,0.0122358510251293,2.78,-6.85847232454143,142.737258505167,3,78,13.01,55.418,10,0.80662073960346
"Barren","sandy_cove",2025-07-26,23,1.43238302458798,0.0278667363468702,4.35,-10.9936291180964,156.448162751148,3,79,12.3,54.14,10,0.11358373352276
"Barren","sandy_cove",2025-07-27,0,1.31740154744596,0.0291215689153486,6.42,-13.306260425427,170.739913899365,4,80,11.45,52.61,10,-0.752863793764794
"Barren","sandy_cove",2025-07-27,1,1.16270594885775,0.0503748124295593,8.44,-13.5976396187006,-174.701706819629,4,81,11,51.8,10,-1.38994439532368
"Barren","sandy_cove",2025-07-27,2,1.05014291746206,0.0592030641838341,9.84,-11.8415381833184,-160.294308169859,4,82,10.98,51.764,10,-1.67115803868689
"Barren","sandy_cove",2025-07-27,3,1.05722455415458,0.0761535365225738,10.19,-8.19307006488283,-146.39539842607,4,83,11.2,52.16,10,-1.6178712382277
"Barren","sandy_cove",2025-07-27,4,1.38896891800308,0.0381678858795567,9.32,-2.94003810226438,-133.175941609865,4,84,11.66,52.988,10,-1.19727061254859
"Barren","sandy_cove",2025-07-27,5,1.62280217479113,0.0134851928428587,7.35,3.56765373310997,-120.589424813727,4,85,12.21,53.978,10,-0.514912022718395
"Barren","sandy_cove",2025-07-27,6,1.6661911290833,0.00864355269832824,4.69,10.970382325705,-108.406802322943,4,86,12.98,55.364,10,0.421474053767658
"Barren","sandy_cove",2025-07-27,7,1.68857801097635,0.00354993165723461,1.95,18.9169102996544,-96.2571873943208,4,87,13.8,56.84,7,1.4007662128996
"Barren","sandy_cove",2025-07-27,8,1.69702301407771,0.00366982738534319,-0.26,27.0506952668837,-83.6391571753987,4,88,14.21,57.578,10,2.0525490005475
"Barren","sandy_cove",2025-07-27,9,1.58527196571427,0.0508099182483882,-1.43,34.9693924103794,-69.9021104473797,4,89,14.37,57.866,10,2.36626864499875
"Barren","sandy_cove",2025-07-27,10,1.54664194388075,0.0882093880471269,-1.29,42.1597374334917,-54.2412722431273,4,90,14.01,57.218,10,2.14150152223845
"Barren","sandy_cove",2025-07-27,11,1.37385646713768,0.11313887498241,0.08,47.9249256179091,-35.8539893572896,4,91,13.21,55.778,10,1.43763240975249
"Barren","sandy_cove",2025-07-27,12,1.35017224589972,0.0915656737878799,2.33,51.3968246300823,-14.5438331694719,4,92,12.53,54.554,10,0.629820572921661
"Barren","sandy_cove",2025-07-27,13,0.72415175781755,0.145779014662057,4.91,51.828990669349,8.35869027557772,4,93,12.2,53.96,10,-0.0494363879985181
"Barren","sandy_cove",2025-07-27,14,0.608672336409383,0.0871310584228005,7.22,49.1116532102345,30.3008389146871,4,94,12.11,53.798,10,-0.544748419743806
"Barren","sandy_cove",2025-07-27,15,0.845929870748089,0.113665430384378,8.74,43.866523245662,49.4988543720827,4,95,12.38,54.284,10,-0.689830399855876
"Barren","sandy_cove",2025-07-27,16,1.04467294876359,0.0653141184251388,9.18,36.9726139939074,65.8180701153918,4,96,12.49,54.482,10,-0.714337270628319
"Barren","sandy_cove",2025-07-27,17,1.28331792688809,0.0499021182995938,8.49,29.1810650259465,79.9827109919253,4,97,12.72,54.896,10,-0.454816885692464
"Barren","sandy_cove",2025-07-27,18,1.34599131907292,0.0558078026074242,6.94,21.0475737873596,92.8254499421897,4,98,13.06,55.508,10,0.0311224862167832
"Barren","sandy_cove",2025-07-27,19,1.4451461986866,0.0817065731180123,4.99,12.9964628387084,105.041096862004,4,99,13.32,55.976,10,0.550326628115522
"Barren","sandy_cove",2025-07-27,20,1.60746189468629,0.00973370256356282,3.22,5.39117384564466,117.169630630016,4,100,13.48,56.264,10,0.979858206910998
"Barren","sandy_cove",2025-07-27,21,1.62090910588245,0.00907688942964197,2.11,-1.41819964724192,129.618381993792,4,101,13.7,56.66,10,1.31495404760782
"Barren","sandy_cove",2025-07-27,22,1.42612683852788,0.0986046579667766,1.99,-7.07338880464389,142.660136610037,4,102,13.79,56.822,10,1.38755251899666
"Barren","sandy_cove",2025-07-27,23,1.44503326219447,0.0732076928928872,2.88,-11.2166005527545,156.397887900523,4,103,13.58,56.444,10,1.10041395250606
"Barren","sandy_cove",2025-07-28,0,1.49677139763394,0.025359775444971,4.55,-13.5341522545514,170.721636186677,5,104,13.36,56.048,10,0.657226973087957
"Barren","sandy_cove",2025-07-28,1,1.24561622880491,0.0350909660219368,6.54,-13.8259051414037,-174.685549631941,5,105,13.36,56.048,10,0.273117390846254
"Barren","sandy_cove",2025-07-28,2,0.972160347425138,0.0966850035305445,8.31,-12.0654667459828,-160.245197834916,5,106,13.22,55.796,10,-0.145428391389223
"Barren","sandy_cove",2025-07-28,3,0.819648927972868,0.0574945075804552,9.36,-8.40913609558011,-146.317979746608,5,107,13.2,55.76,10,-0.359085073051628
"Barren","sandy_cove",2025-07-28,4,0.575016520363041,0.170305931641062,9.36,-3.14665063696991,-133.075973532807,5,108,13.2,55.76,10,-0.359085073051628
"Barren","sandy_cove",2025-07-28,5,1.5041829663612,0.0178604861180163,8.24,3.37013699009634,-120.471982012432,5,109,13.41,56.138,10,-0.0275519317290734
"Barren","sandy_cove",2025-07-28,6,1.33905694954339,0.108539792327702,6.22,10.7800179793323,-108.275535398641,5,110,13.65,56.57,10,0.494177805949828
"Barren","sandy_cove",2025-07-28,7,1.60837683564167,0.00873253098543847,3.75,18.7305345246368,-96.1145731128867,5,111,13.93,57.074,10,1.1247380875069
"Barren","sandy_cove",2025-07-28,8,-0.0390637995480912,0.205002372576504,1.41,26.8641464435239,-83.4875632786299,5,112,14.16,57.488,10,1.70274129188939
"Barren","sandy_cove",2025-07-28,9,1.60216168188078,0.0301528347734798,-0.23,34.7776963600847,-69.7459572134828,5,113,14.3,57.74,10,2.09619448835029
"Barren","sandy_cove",2025-07-28,10,1.61272443059036,0.0207177314411183,-0.79,41.9576845996107,-54.0910751993303,5,114,14.34,57.812,10,2.22625722019157
"Barren","sandy_cove",2025-07-28,11,1.41812671824666,0.0783816409184219,-0.14,47.7089479977568,-35.7319482023802,5,115,14.05,57.29,10,1.94150024119866
"Barren","sandy_cove",2025-07-28,12,1.4146189809398,0.0259357733307706,1.54,51.1687282351163,-14.4832556333309,5,116,13.56,56.408,10,1.34807480931484
"Barren","sandy_cove",2025-07-28,13,1.2926674298999,0.0328062868902168,3.83,51.5980117827465,8.3350927766502,5,117,13.46,56.228,10,0.85113027710103
"Barren","sandy_cove",2025-07-28,14,1.11706058975755,0.0628170293565678,6.18,48.8885836653145,30.2055699739414,5,118,12.91,55.238,10,0.0954241288528179
"Barren","sandy_cove",2025-07-28,15,0.658854490173931,0.0534824050555074,8.05,43.6558395595579,49.3647519806895,5,119,12.89,55.202,10,-0.276508863080038
"Macro_Forest","battery_island",2025-07-23,16,-0.487929383773007,0.20320323653454,5.75,37.7140910969598,66.4024998122849,0,0,11.77,53.186,10,-0.447767722120419
"Macro_Forest","battery_island",2025-07-23,17,-1.2167278947412,0.217150688627657,4.4,29.8997787817013,80.5582088304783,0,1,12.08,53.744,10,-0.0169110231659146
"Macro_Forest","battery_island",2025-07-23,18,-0.614616062357872,0.206380906698775,3.57,21.7626837378567,93.3704100614572,0,2,12.28,54.104,10,0.253153451610262
"Macro_Forest","battery_island",2025-07-23,19,-0.884464381056075,0.155690254417972,3.57,13.7244081534383,105.54511893326,0,3,12.29,54.122,10,0.258646349890261
"Macro_Forest","battery_island",2025-07-23,20,-0.969227719472975,0.108128296388909,4.47,6.14478533539934,117.623614922461,0,4,11.8,53.24,10,-0.184223567346059
"Macro_Forest","battery_island",2025-07-23,21,-0.893675779590681,0.0652714490307931,6.09,-0.630445397813804,130.009554625632,0,5,11.04,51.872,10,-0.914376059355443
"Macro_Forest","battery_island",2025-07-23,22,-0.798810373454168,0.0511666630587911,8.03,-6.24863899114702,142.9702659411,0,6,10.24,50.432,10,-1.72826650946841
"Macro_Forest","battery_island",2025-07-23,23,-0.924400867067049,0.0973061496456861,9.77,-10.3591165039567,156.60500544734,0,7,10.23,50.414,10,-2.06961401734669
"Macro_Forest","battery_island",2025-07-24,0,-0.7411755356226,0.00587426955689493,10.81,-12.6557939796376,170.805906287251,1,8,10.51,50.918,10,-2.11655355170337
"Macro_Forest","battery_island",2025-07-24,1,-0.912523463998991,0.0668226591564757,10.78,-12.944074088172,-174.733787933515,1,9,10.94,51.692,10,-1.87456832894618
"Macro_Forest","battery_island",2025-07-24,2,-0.94684917348443,0.0890429143491673,9.54,-11.1983721870958,-160.420718185643,1,10,11.57,52.826,10,-1.28917107299481
"Macro_Forest","battery_island",2025-07-24,3,-1.03711248588807,0.112380544207875,7.27,-7.57061901114552,-146.603377338829,1,11,12.18,53.924,10,-0.515949126312496
"Macro_Forest","battery_island",2025-07-24,4,0.0690415042049011,0.159449302547413,4.37,-2.34323811150113,-133.44936202526,1,12,12.71,54.878,10,0.334932165191262
"Macro_Forest","battery_island",2025-07-24,5,-0.418955318862896,0.197161998261754,1.46,4.13937785402077,-120.913863799231,1,13,13.19,55.742,10,1.16027916420076
"Macro_Forest","battery_island",2025-07-24,6,-0.505033250224939,0.208353764880279,-0.86,11.5221507817358,-108.771705028048,1,14,13.6444444444444,56.56,9,1.85770702105621
"Macro_Forest","battery_island",2025-07-24,7,-0.336215853668987,0.176940415077559,-2.09,19.4573745561641,-96.6552253298297,1,15,13.975,57.155,8,2.27669229071742
"Macro_Forest","battery_island",2025-07-24,8,-0.320220062296876,0.183294967054165,-2.02,27.591401682914,-84.0632173752222,1,16,13.92,57.056,5,2.23296995783726
"Macro_Forest","battery_island",2025-07-24,9,-0.504145585690866,0.231136360590801,-0.72,35.5242381482475,-70.3390639486689,1,17,12.675,54.815,4,1.2981782642315
"Macro_Forest","battery_island",2025-07-24,10,-0.794767622521563,0.217359237591672,1.49,42.7432920761316,-54.6601978640068,1,18,11.1,51.98,7,0.00647282696366623
"Macro_Forest","battery_island",2025-07-24,11,0.274039003609377,0.16494718995014,4.07,48.5469806017719,-36.1897524816493,1,19,10.11,50.198,10,-1.03531542043648
"Macro_Forest","battery_island",2025-07-24,12,-0.696996440126288,0.211482774223984,6.43,52.0515263152433,-14.6988299078319,1,20,10.05,50.09,10,-1.52379975187045
"Macro_Forest","battery_island",2025-07-24,13,-1.42731569064872,0.217404322740803,8.08,52.489005068445,8.4497574072295,1,21,10.03,50.054,10,-1.85326836787709
"Macro_Forest","battery_island",2025-07-24,14,-1.01902409730575,0.208365312752913,8.7,49.745827049313,30.5983974360971,1,22,10.28,50.504,10,-1.83561824303281
"Macro_Forest","battery_island",2025-07-24,15,-1.07030724394748,0.222204883400464,8.24,44.4628455078008,49.9050921254382,1,23,11.11,51.998,10,-1.29091853612895
"Macro_Forest","battery_island",2025-07-24,16,-1.21229367840381,0.241596018044104,6.95,37.5377321200415,66.2569915323637,1,24,11.75,53.15,10,-0.690377387368882
"Macro_Forest","battery_island",2025-07-24,17,-0.23597012816574,0.178954501239158,5.3,29.7289949040218,80.4155882944541,1,25,12.17,53.906,10,-0.141192840162268
"Macro_Forest","battery_island",2025-07-24,18,-0.26770272329556,0.139219950908146,3.82,21.5927149061982,93.2356345546969,1,26,12.36,54.248,10,0.248841665206827
"Macro_Forest","battery_island",2025-07-24,19,-1.42466165786052,0.165094093387996,3.01,13.5511974342056,105.420487996741,1,27,12.64,54.752,10,0.558988928411526
"Macro_Forest","battery_island",2025-07-24,20,-1.20271895746726,0.132659361978718,3.15,5.96516819206574,117.511162030302,1,28,12.66,54.788,10,0.542951940291202
"Macro_Forest","battery_island",2025-07-24,21,-0.766773083254184,0.0340242365471898,4.27,-0.818576398509874,129.912232713903,1,29,12.04,53.672,10,-0.0137900305113295
"Macro_Forest","battery_island",2025-07-24,22,-0.701041913818748,0.0817361196286866,6.1,-6.44603640380355,142.892369511824,1,30,10.97,51.746,10,-0.954756546221176
"Macro_Forest","battery_island",2025-07-24,23,-0.837234336555477,0.0638906824719207,8.19,-10.564820809344,156.551762422524,1,31,10.19,50.342,10,-1.78661418336021
"Macro_Forest","battery_island",2025-07-25,0,-0.833318199134288,0.0847424062842441,9.96,-12.8670097780341,170.78208538511,2,32,10.29,50.522,10,-2.0733304068757
"Macro_Forest","battery_island",2025-07-25,1,-1.00246053115429,0.0996681159759228,10.9,-13.156647733123,-174.725795000339,2,33,10.33,50.594,10,-2.232797510895
"Macro_Forest","battery_island",2025-07-25,2,-2.14043585842671,0.194833978259365,10.65,-11.4079109143245,-160.38204582464,2,34,10.54,50.972,10,-2.06919167437158
"Macro_Forest","battery_island",2025-07-25,3,-2.45526991847608,0.194217634121547,9.14,-7.7737301107509,-146.538086452387,2,35,11.1,51.98,10,-1.47012933592529
"Macro_Forest","battery_island",2025-07-25,4,-1.03326381130364,0.236252172264171,6.63,-2.5382516798652,-133.362638809036,2,36,11.88,53.384,10,-0.557203344745299
"Macro_Forest","battery_island",2025-07-25,5,-0.500742440821193,0.185074093923341,3.62,3.95235069271658,-120.810382823149,2,37,12.75,54.95,10,0.501668676241551
"Macro_Forest","battery_island",2025-07-25,6,-0.451684147343705,0.231297773826619,0.75,11.3415200377374,-108.65491818692,2,38,13.46,56.228,10,1.44563154006809
"Macro_Forest","battery_island",2025-07-25,7,-0.0352348722814316,0.207504830975541,-1.36,19.2803958179367,-96.5275585255752,2,39,14.04,57.272,10,2.1714916094186
"Macro_Forest","battery_island",2025-07-25,8,-1.04955163211941,0.221977124855185,-2.25,27.4143831088427,-83.9270440144496,2,40,14.25,57.65,10,2.4586301759092
"Macro_Forest","battery_island",2025-07-25,9,-1.09895988221025,0.233519628325335,-1.77,35.3427201810102,-70.1987394432387,2,41,13.93,57.074,10,2.19020788347383
"Macro_Forest","battery_island",2025-07-25,10,-0.858623506971569,0.222622312521204,-0.09,42.5525984604896,-54.5259234123506,2,42,12.7,54.86,10,1.19030797887005
"Macro_Forest","battery_island",2025-07-25,11,-0.518091251775816,0.190391330752199,2.39,48.3440048173306,-36.082982929561,2,43,11.02,51.836,10,-0.211188260792679
"Macro_Forest","battery_island",2025-07-25,12,-1.13735843825868,0.208989645199324,5.06,51.8382952345541,-14.6516802128336,2,44,10.36,50.648,10,-1.08908265510447
"Macro_Forest","battery_island",2025-07-25,13,-1.14087132278107,0.217879325233775,7.33,52.2745626592296,8.41603161862549,2,45,10.01,50.018,10,-1.7194892465068
"Macro_Forest","battery_island",2025-07-25,14,-1.31276242315027,0.224382114535779,8.7,49.5403439871589,30.4973288699119,2,46,10.12,50.216,10,-1.9235046155128
"Macro_Forest","battery_island",2025-07-25,15,-0.884453479903479,0.185562267490658,8.93,44.270084493337,49.7691315489031,2,47,10.52,50.936,10,-1.74818325914478
"Macro_Forest","battery_island",2025-07-25,16,-1.27537989478601,0.221230462518215,8.07,37.3553354130546,66.1110084156784,2,48,11.42,52.556,10,-1.08782530805143
"Macro_Forest","battery_island",2025-07-25,17,-0.924017829746981,0.237879935351767,6.47,29.5522528881516,80.2720644792768,2,49,12.07,53.726,10,-0.421955094933514
"Macro_Forest","battery_island",2025-07-25,18,-0.821602200840847,0.192435352523039,4.64,21.4168450151782,93.0998246783987,2,50,12.59,54.662,10,0.216902015376364
"Macro_Forest","battery_island",2025-07-25,19,-0.540245801442295,0.233186263015924,3.16,13.372105779394,105.294891156129,2,51,12.8,55.04,10,0.61792231730546
"Macro_Forest","battery_island",2025-07-25,20,-1.65022449577038,0.235318203957971,2.5,5.77966047144579,117.397971475137,2,52,12.8,55.04,10,0.745315445084115
"Macro_Forest","battery_island",2025-07-25,21,-1.05935475296822,0.10852818149693,2.87,-1.01261590535618,129.814560528167,2,53,12.42,54.356,10,0.465167950931859
"Macro_Forest","battery_island",2025-07-25,22,-0.99043034814325,0.118167153505709,4.23,-6.64933417693375,142.814684547721,2,54,11.55,52.79,10,-0.275221250608353
"Macro_Forest","battery_island",2025-07-25,23,-0.90309465492569,0.0713764983182617,6.23,-10.7763468147072,156.499467517673,2,55,10.94,51.692,10,-0.996327826835759
"Macro_Forest","battery_island",2025-07-26,0,-1.00632245690108,0.102822266582055,8.36,-13.0838555202397,170.760075407061,3,56,10.47,50.846,10,-1.66562641291775
"Macro_Forest","battery_island",2025-07-26,1,-0.799587370366907,0.0740310731411357,10.02,-13.3745281725787,-174.715111988092,3,57,10.21,50.378,10,-2.12885478655012
"Macro_Forest","battery_island",2025-07-26,2,-0.972196693445486,0.100857259033156,10.71,-11.6223261077925,-160.339917038866,3,58,10.54,50.972,10,-2.080772867806
"Macro_Forest","battery_island",2025-07-26,3,-0.71326956142984,0.0522393716398411,10.16,-7.98124085638878,-146.46876413707,3,59,10.99,51.782,10,-1.72743150539048
"Macro_Forest","battery_island",2025-07-26,4,-0.61536229259901,0.139336167467994,8.38,-2.73721171429283,-133.271498106597,3,60,11.48,52.664,10,-1.11470408444929
"Macro_Forest","battery_island",2025-07-26,5,-0.721721301806963,0.215306347257871,5.72,3.76175043492,-120.702231227302,3,61,12.26,54.068,10,-0.172825109683235
"Macro_Forest","battery_island",2025-07-26,6,-1.23867465778973,0.243142978276331,2.75,11.1575733582929,-108.533274055421,3,62,12.8777777777778,55.18,9,0.739783014618457
"Macro_Forest","battery_island",2025-07-26,7,-2.00410549290315,0.222447584274346,0.11,19.1002191047219,-96.3948646782733,3,63,13.55,56.39,10,1.61860035455526
"Macro_Forest","battery_island",2025-07-26,8,-0.410177727762059,0.213829343624493,-1.59,27.2341274163082,-83.7856711846787,3,64,14.02,57.236,10,2.20490038769056
"Macro_Forest","battery_island",2025-07-26,9,-0.673560035468289,0.216890330541552,-2,35.1577524969482,-70.053063613237,3,65,14.31,57.758,10,2.44333259294577
"Macro_Forest","battery_island",2025-07-26,10,-0.364025067547788,0.184713098067702,-1.06,42.3580610316431,-54.3862522083801,3,66,13.73,56.714,10,1.9433057955665
"Macro_Forest","battery_island",2025-07-26,11,-1.26085689221314,0.226292880344272,0.96,48.1366321311929,-35.9710321412929,3,67,12.28,54.104,10,0.756935366007671
"Macro_Forest","battery_island",2025-07-26,12,-0.887223949974206,0.221606645877415,3.58,51.6200375257765,-14.5999956045583,3,68,11.03,51.854,10,-0.435389032295406
"Macro_Forest","battery_island",2025-07-26,13,-0.614874075878217,0.201214719983312,6.17,52.0545329340115,8.38567172663834,3,69,10.4,50.72,10,-1.28136314052131
"Macro_Forest","battery_island",2025-07-26,14,-1.44083410281896,0.231913197640583,8.14,49.3289300287215,30.3981161312356,3,70,10.48,50.864,10,-1.61766913871154
"Macro_Forest","battery_island",2025-07-26,15,-1.60618396435345,0.202093359963989,9.08,44.0712914328858,49.6336823554764,3,71,11.03,51.854,10,-1.49699843045087
"Macro_Forest","battery_island",2025-07-26,16,-0.927012055243999,0.223305265858966,8.85,37.1669465272929,65.964664525658,3,72,11.91,53.438,10,-0.969228806978958
"Macro_Forest","battery_island",2025-07-26,17,-1.03172968873662,0.233480919091574,7.61,29.3695946377061,80.1277390963372,3,73,12.67,54.806,10,-0.312423873387589
"Macro_Forest","battery_island",2025-07-26,18,-0.296339853207142,0.200246128272534,5.77,21.2351162813158,92.9630680598981,3,74,13.19,55.742,10,0.328363435828029
"Macro_Forest","battery_island",2025-07-26,19,-1.36023913186542,0.146350241417795,3.91,13.1871783038939,105.168403232254,3,75,13.57,56.426,10,0.896110566935126
"Macro_Forest","battery_island",2025-07-26,20,-0.762561611495677,0.127796257830414,2.56,5.58831167694911,117.284107106763,3,76,13.61,56.498,10,1.17865901232965
"Macro_Forest","battery_island",2025-07-26,21,-0.883656702369477,0.0917636278023322,2.14,-1.21250929903488,129.716592778018,3,77,13.5714285714286,56.4285714285714,7,1.2385404730049
"Macro_Forest","battery_island",2025-07-26,22,-0.781631118107431,0.0867377948308237,2.78,-6.85847232454143,142.737258505167,3,78,13.01,55.418,10,0.80662073960346
"Macro_Forest","battery_island",2025-07-26,23,-1.10547730287662,0.126948688898379,4.35,-10.9936291180964,156.448162751148,3,79,12.3,54.14,10,0.11358373352276
"Macro_Forest","battery_island",2025-07-27,0,-1.37424312463365,0.173446149451388,6.42,-13.306260425427,170.739913899365,4,80,11.45,52.61,10,-0.752863793764794
"Macro_Forest","battery_island",2025-07-27,1,-2.53653890605127,0.158708103633198,8.44,-13.5976396187006,-174.701706819629,4,81,11,51.8,10,-1.38994439532368
"Macro_Forest","battery_island",2025-07-27,2,-2.57965489699695,0.158693792509028,9.84,-11.8415381833184,-160.294308169859,4,82,10.98,51.764,10,-1.67115803868689
"Macro_Forest","battery_island",2025-07-27,3,-2.41742291571016,0.183157227128633,10.19,-8.19307006488283,-146.39539842607,4,83,11.2,52.16,10,-1.6178712382277
"Macro_Forest","battery_island",2025-07-27,4,-1.49542471008702,0.202865681818825,9.32,-2.94003810226438,-133.175941609865,4,84,11.66,52.988,10,-1.19727061254859
"Macro_Forest","battery_island",2025-07-27,5,-0.4884642029669,0.208658518438309,7.35,3.56765373310997,-120.589424813727,4,85,12.21,53.978,10,-0.514912022718395
"Macro_Forest","battery_island",2025-07-27,6,-0.0773579565177657,0.194757443858624,4.69,10.970382325705,-108.406802322943,4,86,12.98,55.364,10,0.421474053767658
"Macro_Forest","battery_island",2025-07-27,7,-0.539872228811805,0.185506448813897,1.95,18.9169102996544,-96.2571873943208,4,87,13.8,56.84,7,1.4007662128996
"Macro_Forest","battery_island",2025-07-27,8,-0.683724778315106,0.261512006265779,-0.26,27.0506952668837,-83.6391571753987,4,88,14.21,57.578,10,2.0525490005475
"Macro_Forest","battery_island",2025-07-27,9,-0.30499891424691,0.216237212075329,-1.43,34.9693924103794,-69.9021104473797,4,89,14.37,57.866,10,2.36626864499875
"Macro_Forest","battery_island",2025-07-27,10,-0.298488123314965,0.219659952653695,-1.29,42.1597374334917,-54.2412722431273,4,90,14.01,57.218,10,2.14150152223845
"Macro_Forest","battery_island",2025-07-27,11,-1.53435396661704,0.234061788934802,0.08,47.9249256179091,-35.8539893572896,4,91,13.21,55.778,10,1.43763240975249
"Macro_Forest","battery_island",2025-07-27,12,-0.186333869517774,0.173773621903617,2.33,51.3968246300823,-14.5438331694719,4,92,12.53,54.554,10,0.629820572921661
"Macro_Forest","battery_island",2025-07-27,13,-0.63538087667915,0.217813748685822,4.91,51.828990669349,8.35869027557772,4,93,12.2,53.96,10,-0.0494363879985181
"Macro_Forest","battery_island",2025-07-27,14,-1.06173108334937,0.208982055288595,7.22,49.1116532102345,30.3008389146871,4,94,12.11,53.798,10,-0.544748419743806
"Macro_Forest","battery_island",2025-07-27,15,-1.30789912702984,0.230664290896453,8.74,43.866523245662,49.4988543720827,4,95,12.38,54.284,10,-0.689830399855876
"Macro_Forest","battery_island",2025-07-27,16,-1.47053930569753,0.231667831645165,9.18,36.9726139939074,65.8180701153918,4,96,12.49,54.482,10,-0.714337270628319
"Macro_Forest","battery_island",2025-07-27,17,-1.50533421431233,0.236729498237701,8.49,29.1810650259465,79.9827109919253,4,97,12.72,54.896,10,-0.454816885692464
"Macro_Forest","battery_island",2025-07-27,18,-0.826255908750203,0.230548833747054,6.94,21.0475737873596,92.8254499421897,4,98,13.06,55.508,10,0.0311224862167832
"Macro_Forest","battery_island",2025-07-27,19,-0.305419794696978,0.208733132003643,4.99,12.9964628387084,105.041096862004,4,99,13.32,55.976,10,0.550326628115522
"Macro_Forest","battery_island",2025-07-27,20,-0.198197169683651,0.231192233017087,3.22,5.39117384564466,117.169630630016,4,100,13.48,56.264,10,0.979858206910998
"Macro_Forest","battery_island",2025-07-27,21,0.401067913830846,0.198020662607682,2.11,-1.41819964724192,129.618381993792,4,101,13.7,56.66,10,1.31495404760782
"Macro_Forest","battery_island",2025-07-27,22,-0.0443717749360986,0.241881476465167,1.99,-7.07338880464389,142.660136610037,4,102,13.79,56.822,10,1.38755251899666
"Macro_Forest","battery_island",2025-07-27,23,0.506700796990404,0.208045929950051,2.88,-11.2166005527545,156.397887900523,4,103,13.58,56.444,10,1.10041395250606
"Macro_Forest","battery_island",2025-07-28,0,-1.4576603882035,0.139175225662425,4.55,-13.5341522545514,170.721636186677,5,104,13.36,56.048,10,0.657226973087957
"Macro_Forest","battery_island",2025-07-28,1,-1.48916791641296,0.187835038307928,6.54,-13.8259051414037,-174.685549631941,5,105,13.36,56.048,10,0.273117390846254
"Macro_Forest","battery_island",2025-07-28,2,-1.28029393162555,0.142696264641803,8.31,-12.0654667459828,-160.245197834916,5,106,13.22,55.796,10,-0.145428391389223
"Macro_Forest","battery_island",2025-07-28,3,-0.835782992386204,0.109095219448676,9.36,-8.40913609558011,-146.317979746608,5,107,13.2,55.76,10,-0.359085073051628
"Macro_Forest","battery_island",2025-07-28,4,-0.189420878426938,0.113575188916951,9.36,-3.14665063696991,-133.075973532807,5,108,13.2,55.76,10,-0.359085073051628
"Macro_Forest","battery_island",2025-07-28,5,-0.611513645117596,0.242681724613934,8.24,3.37013699009634,-120.471982012432,5,109,13.41,56.138,10,-0.0275519317290734
"Macro_Forest","battery_island",2025-07-28,6,-0.26588738889718,0.201041791569305,6.22,10.7800179793323,-108.275535398641,5,110,13.65,56.57,10,0.494177805949828
"Macro_Forest","battery_island",2025-07-28,7,0.0931768610211351,0.152585831674015,3.75,18.7305345246368,-96.1145731128867,5,111,13.93,57.074,10,1.1247380875069
"Macro_Forest","battery_island",2025-07-28,8,-0.730047523406238,0.239703387212388,1.41,26.8641464435239,-83.4875632786299,5,112,14.16,57.488,10,1.70274129188939
"Macro_Forest","battery_island",2025-07-28,9,0.176055167638885,0.222433937086663,-0.23,34.7776963600847,-69.7459572134828,5,113,14.3,57.74,10,2.09619448835029
"Macro_Forest","battery_island",2025-07-28,10,-0.81272472370006,0.255833512375258,-0.79,41.9576845996107,-54.0910751993303,5,114,14.34,57.812,10,2.22625722019157
"Macro_Forest","battery_island",2025-07-28,11,-0.504497562076095,0.242464252738235,-0.14,47.7089479977568,-35.7319482023802,5,115,14.05,57.29,10,1.94150024119866
"Macro_Forest","battery_island",2025-07-28,12,-0.632927674969387,0.207612551058822,1.54,51.1687282351163,-14.4832556333309,5,116,13.56,56.408,10,1.34807480931484
"Macro_Forest","battery_island",2025-07-28,13,-0.0529036791708407,0.177708118802244,3.83,51.5980117827465,8.3350927766502,5,117,13.46,56.228,10,0.85113027710103
"Macro_Forest","battery_island",2025-07-28,14,-0.980256817150899,0.197001283809663,6.18,48.8885836653145,30.2055699739414,5,118,12.91,55.238,10,0.0954241288528179
"Macro_Forest","battery_island",2025-07-28,15,-0.87414361274348,0.207023562444577,8.05,43.6558395595579,49.3647519806895,5,119,12.89,55.202,10,-0.276508863080038
"Macro_Forest","crow_island",2025-07-23,16,-2.25010922418598,0.170679325435746,5.75,37.7140910969598,66.4024998122849,0,0,11.77,53.186,10,-0.447767722120419
"Macro_Forest","crow_island",2025-07-23,17,-2.25426062406441,0.16822762469356,4.4,29.8997787817013,80.5582088304783,0,1,12.08,53.744,10,-0.0169110231659146
"Macro_Forest","crow_island",2025-07-23,18,-2.19242173312808,0.163941517845946,3.57,21.7626837378567,93.3704100614572,0,2,12.28,54.104,10,0.253153451610262
"Macro_Forest","crow_island",2025-07-23,19,-2.32141431360072,0.133959942503862,3.57,13.7244081534383,105.54511893326,0,3,12.29,54.122,10,0.258646349890261
"Macro_Forest","crow_island",2025-07-23,20,-2.55379591891445,0.162148954796784,4.47,6.14478533539934,117.623614922461,0,4,11.8,53.24,10,-0.184223567346059
"Macro_Forest","crow_island",2025-07-23,21,-2.45871373216279,0.144304645797991,6.09,-0.630445397813804,130.009554625632,0,5,11.04,51.872,10,-0.914376059355443
"Macro_Forest","crow_island",2025-07-23,22,-0.241310067491368,0.191889982358585,8.03,-6.24863899114702,142.9702659411,0,6,10.24,50.432,10,-1.72826650946841
"Macro_Forest","crow_island",2025-07-23,23,-1.48034617674174,0.223248955766181,9.77,-10.3591165039567,156.60500544734,0,7,10.23,50.414,10,-2.06961401734669
"Macro_Forest","crow_island",2025-07-24,0,-0.0126129731262014,0.157849857487739,10.81,-12.6557939796376,170.805906287251,1,8,10.51,50.918,10,-2.11655355170337
"Macro_Forest","crow_island",2025-07-24,1,-0.237847252817605,0.1860505741347,10.78,-12.944074088172,-174.733787933515,1,9,10.94,51.692,10,-1.87456832894618
"Macro_Forest","crow_island",2025-07-24,2,0.028213772803001,0.203109291032395,9.54,-11.1983721870958,-160.420718185643,1,10,11.57,52.826,10,-1.28917107299481
"Macro_Forest","crow_island",2025-07-24,3,-1.20582682561606,0.155359524048964,7.27,-7.57061901114552,-146.603377338829,1,11,12.18,53.924,10,-0.515949126312496
"Macro_Forest","crow_island",2025-07-24,4,-1.19314666457182,0.14340822796643,4.37,-2.34323811150113,-133.44936202526,1,12,12.71,54.878,10,0.334932165191262
"Macro_Forest","crow_island",2025-07-24,5,-0.932504138069915,0.0463261992510838,1.46,4.13937785402077,-120.913863799231,1,13,13.19,55.742,10,1.16027916420076
"Macro_Forest","crow_island",2025-07-24,6,-0.773294543353007,0.0221500240086911,-0.86,11.5221507817358,-108.771705028048,1,14,13.6444444444444,56.56,9,1.85770702105621
"Macro_Forest","crow_island",2025-07-24,7,-0.73630765218883,0.00102448537890976,-2.09,19.4573745561641,-96.6552253298297,1,15,13.975,57.155,8,2.27669229071742
"Macro_Forest","crow_island",2025-07-24,8,-0.85162968853562,0.0429047459798691,-2.02,27.591401682914,-84.0632173752222,1,16,13.92,57.056,5,2.23296995783726
"Macro_Forest","crow_island",2025-07-24,9,-0.903342832063965,0.054462628211589,-0.72,35.5242381482475,-70.3390639486689,1,17,12.675,54.815,4,1.2981782642315
"Macro_Forest","crow_island",2025-07-24,10,-1.87123942891387,0.145053061801684,1.49,42.7432920761316,-54.6601978640068,1,18,11.1,51.98,7,0.00647282696366623
"Macro_Forest","crow_island",2025-07-24,11,-2.48109137250723,0.157860383957644,4.07,48.5469806017719,-36.1897524816493,1,19,10.11,50.198,10,-1.03531542043648
"Macro_Forest","crow_island",2025-07-24,12,-2.43390525245105,0.17391726150687,6.43,52.0515263152433,-14.6988299078319,1,20,10.05,50.09,10,-1.52379975187045
"Macro_Forest","crow_island",2025-07-24,13,-1.45675071046966,0.191554625699449,8.08,52.489005068445,8.4497574072295,1,21,10.03,50.054,10,-1.85326836787709
"Macro_Forest","crow_island",2025-07-24,14,-0.745140133166734,0.205453201203876,8.7,49.745827049313,30.5983974360971,1,22,10.28,50.504,10,-1.83561824303281
"Macro_Forest","crow_island",2025-07-24,15,-1.26789461767838,0.200545678491186,8.24,44.4628455078008,49.9050921254382,1,23,11.11,51.998,10,-1.29091853612895
"Macro_Forest","crow_island",2025-07-24,16,-2.5265190971218,0.181222144000218,6.95,37.5377321200415,66.2569915323637,1,24,11.75,53.15,10,-0.690377387368882
"Macro_Forest","crow_island",2025-07-24,17,-2.85057141300258,0.110770391318148,5.3,29.7289949040218,80.4155882944541,1,25,12.17,53.906,10,-0.141192840162268
"Macro_Forest","crow_island",2025-07-24,18,-1.92744278751612,0.184690522514485,3.82,21.5927149061982,93.2356345546969,1,26,12.36,54.248,10,0.248841665206827
"Macro_Forest","crow_island",2025-07-24,19,-1.12202544247253,0.187598903289243,3.01,13.5511974342056,105.420487996741,1,27,12.64,54.752,10,0.558988928411526
"Macro_Forest","crow_island",2025-07-24,20,-0.852416962729842,0.165809854716059,3.15,5.96516819206574,117.511162030302,1,28,12.66,54.788,10,0.542951940291202
"Macro_Forest","crow_island",2025-07-24,21,-1.3497509865943,0.163251465487048,4.27,-0.818576398509874,129.912232713903,1,29,12.04,53.672,10,-0.0137900305113295
"Macro_Forest","crow_island",2025-07-24,22,-1.25847101640733,0.166208104850811,6.1,-6.44603640380355,142.892369511824,1,30,10.97,51.746,10,-0.954756546221176
"Macro_Forest","crow_island",2025-07-24,23,1.26672909872264,0.0771274557259536,8.19,-10.564820809344,156.551762422524,1,31,10.19,50.342,10,-1.78661418336021
"Macro_Forest","crow_island",2025-07-25,0,0.86057837488662,0.116745729477582,9.96,-12.8670097780341,170.78208538511,2,32,10.29,50.522,10,-2.0733304068757
"Macro_Forest","crow_island",2025-07-25,1,1.34249811927997,0.0482822760926042,10.9,-13.156647733123,-174.725795000339,2,33,10.33,50.594,10,-2.232797510895
"Macro_Forest","crow_island",2025-07-25,2,1.45213455783911,0.050195713701599,10.65,-11.4079109143245,-160.38204582464,2,34,10.54,50.972,10,-2.06919167437158
"Macro_Forest","crow_island",2025-07-25,3,0.40658509001751,0.148233324959735,9.14,-7.7737301107509,-146.538086452387,2,35,11.1,51.98,10,-1.47012933592529
"Macro_Forest","crow_island",2025-07-25,4,-1.95835978425073,0.154561574636335,6.63,-2.5382516798652,-133.362638809036,2,36,11.88,53.384,10,-0.557203344745299
"Macro_Forest","crow_island",2025-07-25,5,-1.29666528368397,0.117832676104454,3.62,3.95235069271658,-120.810382823149,2,37,12.75,54.95,10,0.501668676241551
"Macro_Forest","crow_island",2025-07-25,6,-0.891666392363271,0.0385880205575898,0.75,11.3415200377374,-108.65491818692,2,38,13.46,56.228,10,1.44563154006809
"Macro_Forest","crow_island",2025-07-25,7,-0.758083193674684,0.00849597490743589,-1.36,19.2803958179367,-96.5275585255752,2,39,14.04,57.272,10,2.1714916094186
"Macro_Forest","crow_island",2025-07-25,8,-0.735148932018793,4.31018599693487e-05,-2.25,27.4143831088427,-83.9270440144496,2,40,14.25,57.65,10,2.4586301759092
"Macro_Forest","crow_island",2025-07-25,9,-1.09112792536043,0.105195654017858,-1.77,35.3427201810102,-70.1987394432387,2,41,13.93,57.074,10,2.19020788347383
"Macro_Forest","crow_island",2025-07-25,10,-2.64327757567019,0.143859453562274,-0.09,42.5525984604896,-54.5259234123506,2,42,12.7,54.86,10,1.19030797887005
"Macro_Forest","crow_island",2025-07-25,11,-2.70994602297666,0.158181988332964,2.39,48.3440048173306,-36.082982929561,2,43,11.02,51.836,10,-0.211188260792679
"Macro_Forest","crow_island",2025-07-25,12,-2.8788624683098,0.175348816633413,5.06,51.8382952345541,-14.6516802128336,2,44,10.36,50.648,10,-1.08908265510447
"Macro_Forest","crow_island",2025-07-25,13,-2.47014414226209,0.17183147302606,7.33,52.2745626592296,8.41603161862549,2,45,10.01,50.018,10,-1.7194892465068
"Macro_Forest","crow_island",2025-07-25,14,-0.736750532416336,0.184058974951069,8.7,49.5403439871589,30.4973288699119,2,46,10.12,50.216,10,-1.9235046155128
"Macro_Forest","crow_island",2025-07-25,15,-0.918021292666774,0.221983033386447,8.93,44.270084493337,49.7691315489031,2,47,10.52,50.936,10,-1.74818325914478
"Macro_Forest","crow_island",2025-07-25,16,-2.72934787934131,0.170040433840222,8.07,37.3553354130546,66.1110084156784,2,48,11.42,52.556,10,-1.08782530805143
"Macro_Forest","crow_island",2025-07-25,17,-3.13306806992979,0.125379416270723,6.47,29.5522528881516,80.2720644792768,2,49,12.07,53.726,10,-0.421955094933514
"Macro_Forest","crow_island",2025-07-25,18,-3.13357145826261,0.147680921476342,4.64,21.4168450151782,93.0998246783987,2,50,12.59,54.662,10,0.216902015376364
"Macro_Forest","crow_island",2025-07-25,19,-2.73864983325523,0.178795942404697,3.16,13.372105779394,105.294891156129,2,51,12.8,55.04,10,0.61792231730546
"Macro_Forest","crow_island",2025-07-25,20,-2.58921292373276,0.169056513117276,2.5,5.77966047144579,117.397971475137,2,52,12.8,55.04,10,0.745315445084115
"Macro_Forest","crow_island",2025-07-25,21,-2.30325274522202,0.162177466749367,2.87,-1.01261590535618,129.814560528167,2,53,12.42,54.356,10,0.465167950931859
"Macro_Forest","crow_island",2025-07-25,22,-1.97872079253394,0.163461406702078,4.23,-6.64933417693375,142.814684547721,2,54,11.55,52.79,10,-0.275221250608353
"Macro_Forest","crow_island",2025-07-25,23,-1.84376870544769,0.187033046700512,6.23,-10.7763468147072,156.499467517673,2,55,10.94,51.692,10,-0.996327826835759
"Macro_Forest","crow_island",2025-07-26,0,0.246125229157705,0.1554635726905,8.36,-13.0838555202397,170.760075407061,3,56,10.47,50.846,10,-1.66562641291775
"Macro_Forest","crow_island",2025-07-26,1,1.16807915582466,0.126198135683562,10.02,-13.3745281725787,-174.715111988092,3,57,10.21,50.378,10,-2.12885478655012
"Macro_Forest","crow_island",2025-07-26,2,1.139271766884,0.132142668891336,10.71,-11.6223261077925,-160.339917038866,3,58,10.54,50.972,10,-2.080772867806
"Macro_Forest","crow_island",2025-07-26,3,1.27006709022731,0.097222324677718,10.16,-7.98124085638878,-146.46876413707,3,59,10.99,51.782,10,-1.72743150539048
"Macro_Forest","crow_island",2025-07-26,4,-1.78322002360614,0.200655948924968,8.38,-2.73721171429283,-133.271498106597,3,60,11.48,52.664,10,-1.11470408444929
"Macro_Forest","crow_island",2025-07-26,5,-1.70964535533985,0.157284586650945,5.72,3.76175043492,-120.702231227302,3,61,12.26,54.068,10,-0.172825109683235
"Macro_Forest","crow_island",2025-07-26,6,-1.23441107164555,0.0908237253527498,2.75,11.1575733582929,-108.533274055421,3,62,12.8777777777778,55.18,9,0.739783014618457
"Macro_Forest","crow_island",2025-07-26,7,-0.888434703362335,0.0420944023245501,0.11,19.1002191047219,-96.3948646782733,3,63,13.55,56.39,10,1.61860035455526
"Macro_Forest","crow_island",2025-07-26,8,-0.776234185676982,0.0183217941193688,-1.59,27.2341274163082,-83.7856711846787,3,64,14.02,57.236,10,2.20490038769056
"Macro_Forest","crow_island",2025-07-26,9,-0.931218632092569,0.0688082141328065,-2,35.1577524969482,-70.053063613237,3,65,14.31,57.758,10,2.44333259294577
"Macro_Forest","crow_island",2025-07-26,10,-0.84170440464235,0.0505880406641128,-1.06,42.3580610316431,-54.3862522083801,3,66,13.73,56.714,10,1.9433057955665
"Macro_Forest","crow_island",2025-07-26,11,-1.13414433151935,0.110723718567799,0.96,48.1366321311929,-35.9710321412929,3,67,12.28,54.104,10,0.756935366007671
"Macro_Forest","crow_island",2025-07-26,12,-2.53989625024239,0.186111410555166,3.58,51.6200375257765,-14.5999956045583,3,68,11.03,51.854,10,-0.435389032295406
"Macro_Forest","crow_island",2025-07-26,13,-1.8143283915125,0.200263676778164,6.17,52.0545329340115,8.38567172663834,3,69,10.4,50.72,10,-1.28136314052131
"Macro_Forest","crow_island",2025-07-26,14,-0.976390953147503,0.15926050041982,8.14,49.3289300287215,30.3981161312356,3,70,10.48,50.864,10,-1.61766913871154
"Macro_Forest","crow_island",2025-07-26,15,-0.850689637194874,0.194690160486381,9.08,44.0712914328858,49.6336823554764,3,71,11.03,51.854,10,-1.49699843045087
"Macro_Forest","crow_island",2025-07-26,16,-1.02177378775429,0.23261401383883,8.85,37.1669465272929,65.964664525658,3,72,11.91,53.438,10,-0.969228806978958
"Macro_Forest","crow_island",2025-07-26,17,-2.91119974263824,0.125828385975987,7.61,29.3695946377061,80.1277390963372,3,73,12.67,54.806,10,-0.312423873387589
"Macro_Forest","crow_island",2025-07-26,18,-2.24550000529278,0.191553345513429,5.77,21.2351162813158,92.9630680598981,3,74,13.19,55.742,10,0.328363435828029
"Macro_Forest","crow_island",2025-07-26,19,-1.96666757589158,0.182458586819135,3.91,13.1871783038939,105.168403232254,3,75,13.57,56.426,10,0.896110566935126
"Macro_Forest","crow_island",2025-07-26,20,-1.88315059830809,0.13102303573999,2.56,5.58831167694911,117.284107106763,3,76,13.61,56.498,10,1.17865901232965
"Macro_Forest","crow_island",2025-07-26,21,-1.54915339128317,0.133199683990666,2.14,-1.21250929903488,129.716592778018,3,77,13.5714285714286,56.4285714285714,7,1.2385404730049
"Macro_Forest","crow_island",2025-07-26,22,-1.07137200558081,0.195687804232084,2.78,-6.85847232454143,142.737258505167,3,78,13.01,55.418,10,0.80662073960346
"Macro_Forest","crow_island",2025-07-26,23,-2.20727736676047,0.128292668442291,4.35,-10.9936291180964,156.448162751148,3,79,12.3,54.14,10,0.11358373352276
"Macro_Forest","crow_island",2025-07-27,0,-1.92955745114916,0.144289331250668,6.42,-13.306260425427,170.739913899365,4,80,11.45,52.61,10,-0.752863793764794
"Macro_Forest","crow_island",2025-07-27,1,-0.950096149218583,0.21614745411481,8.44,-13.5976396187006,-174.701706819629,4,81,11,51.8,10,-1.38994439532368
"Macro_Forest","crow_island",2025-07-27,2,1.10586952390432,0.101203017536186,9.84,-11.8415381833184,-160.294308169859,4,82,10.98,51.764,10,-1.67115803868689
"Macro_Forest","crow_island",2025-07-27,3,0.773826081227434,0.173309695112396,10.19,-8.19307006488283,-146.39539842607,4,83,11.2,52.16,10,-1.6178712382277
"Macro_Forest","crow_island",2025-07-27,4,-0.515842762169902,0.228163634534586,9.32,-2.94003810226438,-133.175941609865,4,84,11.66,52.988,10,-1.19727061254859
"Macro_Forest","crow_island",2025-07-27,5,-2.16730317628069,0.19221062994647,7.35,3.56765373310997,-120.589424813727,4,85,12.21,53.978,10,-0.514912022718395
"Macro_Forest","crow_island",2025-07-27,6,-2.11845856405112,0.134695654053557,4.69,10.970382325705,-108.406802322943,4,86,12.98,55.364,10,0.421474053767658
"Macro_Forest","crow_island",2025-07-27,7,-0.943522008716241,0.0578885305685217,1.95,18.9169102996544,-96.2571873943208,4,87,13.8,56.84,7,1.4007662128996
"Macro_Forest","crow_island",2025-07-27,8,-0.743806655647448,0.00423321772418367,-0.26,27.0506952668837,-83.6391571753987,4,88,14.21,57.578,10,2.0525490005475
"Macro_Forest","crow_island",2025-07-27,9,-0.789024810033427,0.0238366873753662,-1.43,34.9693924103794,-69.9021104473797,4,89,14.37,57.866,10,2.36626864499875
"Macro_Forest","crow_island",2025-07-27,10,-1.14033554822416,0.0946513659091365,-1.29,42.1597374334917,-54.2412722431273,4,90,14.01,57.218,10,2.14150152223845
"Macro_Forest","crow_island",2025-07-27,11,-1.07552665405291,0.0822953083022935,0.08,47.9249256179091,-35.8539893572896,4,91,13.21,55.778,10,1.43763240975249
"Macro_Forest","crow_island",2025-07-27,12,-2.4112482514884,0.169326950786613,2.33,51.3968246300823,-14.5438331694719,4,92,12.53,54.554,10,0.629820572921661
"Macro_Forest","crow_island",2025-07-27,13,-2.69961678456146,0.148291512835956,4.91,51.828990669349,8.35869027557772,4,93,12.2,53.96,10,-0.0494363879985181
"Macro_Forest","crow_island",2025-07-27,14,-0.503768684062441,0.17428310935635,7.22,49.1116532102345,30.3008389146871,4,94,12.11,53.798,10,-0.544748419743806
"Macro_Forest","crow_island",2025-07-27,15,-0.266964932089786,0.178217374546946,8.74,43.866523245662,49.4988543720827,4,95,12.38,54.284,10,-0.689830399855876
"Macro_Forest","crow_island",2025-07-27,16,-0.307685913622977,0.22647520074625,9.18,36.9726139939074,65.8180701153918,4,96,12.49,54.482,10,-0.714337270628319
"Macro_Forest","crow_island",2025-07-27,17,-2.54952694794926,0.150879977422032,8.49,29.1810650259465,79.9827109919253,4,97,12.72,54.896,10,-0.454816885692464
"Macro_Forest","crow_island",2025-07-27,18,-2.62666131022453,0.104284802287644,6.94,21.0475737873596,92.8254499421897,4,98,13.06,55.508,10,0.0311224862167832
"Macro_Forest","crow_island",2025-07-27,19,-1.27110633728645,0.178740508276963,4.99,12.9964628387084,105.041096862004,4,99,13.32,55.976,10,0.550326628115522
"Macro_Forest","crow_island",2025-07-27,20,-1.27161857475929,0.124938658517779,3.22,5.39117384564466,117.169630630016,4,100,13.48,56.264,10,0.979858206910998
"Macro_Forest","crow_island",2025-07-27,21,-1.2413095224487,0.0955389217781418,2.11,-1.41819964724192,129.618381993792,4,101,13.7,56.66,10,1.31495404760782
"Macro_Forest","crow_island",2025-07-27,22,-1.2343217995384,0.146683613612955,1.99,-7.07338880464389,142.660136610037,4,102,13.79,56.822,10,1.38755251899666
"Macro_Forest","crow_island",2025-07-27,23,-0.565551741799873,0.201473880600022,2.88,-11.2166005527545,156.397887900523,4,103,13.58,56.444,10,1.10041395250606
"Macro_Forest","crow_island",2025-07-28,0,-1.29834157189904,0.203157581642019,4.55,-13.5341522545514,170.721636186677,5,104,13.36,56.048,10,0.657226973087957
"Macro_Forest","crow_island",2025-07-28,1,-1.69723135724844,0.196111686338195,6.54,-13.8259051414037,-174.685549631941,5,105,13.36,56.048,10,0.273117390846254
"Macro_Forest","crow_island",2025-07-28,2,0.5189563369143,0.187094315769693,8.31,-12.0654667459828,-160.245197834916,5,106,13.22,55.796,10,-0.145428391389223
"Macro_Forest","crow_island",2025-07-28,3,1.33320410396819,0.0800544567381763,9.36,-8.40913609558011,-146.317979746608,5,107,13.2,55.76,10,-0.359085073051628
"Macro_Forest","crow_island",2025-07-28,4,0.271530317199721,0.167885173713442,9.36,-3.14665063696991,-133.075973532807,5,108,13.2,55.76,10,-0.359085073051628
"Macro_Forest","crow_island",2025-07-28,5,-2.53836178820006,0.145490480596495,8.24,3.37013699009634,-120.471982012432,5,109,13.41,56.138,10,-0.0275519317290734
"Macro_Forest","crow_island",2025-07-28,6,-2.151070267955,0.164194536489773,6.22,10.7800179793323,-108.275535398641,5,110,13.65,56.57,10,0.494177805949828
"Macro_Forest","crow_island",2025-07-28,7,-1.64362390429259,0.131290272126754,3.75,18.7305345246368,-96.1145731128867,5,111,13.93,57.074,10,1.1247380875069
"Macro_Forest","crow_island",2025-07-28,8,-1.29093077684958,0.104491877681318,1.41,26.8641464435239,-83.4875632786299,5,112,14.16,57.488,10,1.70274129188939
"Macro_Forest","crow_island",2025-07-28,9,-1.14120065836693,0.0788266836305691,-0.23,34.7776963600847,-69.7459572134828,5,113,14.3,57.74,10,2.09619448835029
"Macro_Forest","crow_island",2025-07-28,10,-1.66396945134246,0.123620262868488,-0.79,41.9576845996107,-54.0910751993303,5,114,14.34,57.812,10,2.22625722019157
"Macro_Forest","crow_island",2025-07-28,11,-2.13140766212006,0.147107618585579,-0.14,47.7089479977568,-35.7319482023802,5,115,14.05,57.29,10,1.94150024119866
"Macro_Forest","crow_island",2025-07-28,12,-2.33386769975192,0.211061133483664,1.54,51.1687282351163,-14.4832556333309,5,116,13.56,56.408,10,1.34807480931484
"Macro_Forest","crow_island",2025-07-28,13,-2.06176313779153,0.182242106250975,3.83,51.5980117827465,8.3350927766502,5,117,13.46,56.228,10,0.85113027710103
"Macro_Forest","crow_island",2025-07-28,14,-1.96369953815615,0.234744922422192,6.18,48.8885836653145,30.2055699739414,5,118,12.91,55.238,10,0.0954241288528179
"Macro_Forest","crow_island",2025-07-28,15,0.478542627456134,0.177009605876572,8.05,43.6558395595579,49.3647519806895,5,119,12.89,55.202,10,-0.276508863080038
"Macro_Forest","middle_island",2025-07-23,16,-0.940675608471421,0.171524139071759,5.75,37.7140910969598,66.4024998122849,0,0,11.77,53.186,10,-0.447767722120419
"Macro_Forest","middle_island",2025-07-23,17,-0.795123488885192,0.174744777356479,4.4,29.8997787817013,80.5582088304783,0,1,12.08,53.744,10,-0.0169110231659146
"Macro_Forest","middle_island",2025-07-23,18,-0.0352119558416162,0.161798212262993,3.57,21.7626837378567,93.3704100614572,0,2,12.28,54.104,10,0.253153451610262
"Macro_Forest","middle_island",2025-07-23,19,0.681331462886842,0.161324404673166,3.57,13.7244081534383,105.54511893326,0,3,12.29,54.122,10,0.258646349890261
"Macro_Forest","middle_island",2025-07-23,20,0.515193826784439,0.119560871990559,4.47,6.14478533539934,117.623614922461,0,4,11.8,53.24,10,-0.184223567346059
"Macro_Forest","middle_island",2025-07-23,21,0.526516125513023,0.140597245904115,6.09,-0.630445397813804,130.009554625632,0,5,11.04,51.872,10,-0.914376059355443
"Macro_Forest","middle_island",2025-07-23,22,0.460839032628602,0.174738948321719,8.03,-6.24863899114702,142.9702659411,0,6,10.24,50.432,10,-1.72826650946841
"Macro_Forest","middle_island",2025-07-23,23,-0.143516318287843,0.174988966577951,9.77,-10.3591165039567,156.60500544734,0,7,10.23,50.414,10,-2.06961401734669
"Macro_Forest","middle_island",2025-07-24,0,0.157940635434754,0.155179233551713,10.81,-12.6557939796376,170.805906287251,1,8,10.51,50.918,10,-2.11655355170337
"Macro_Forest","middle_island",2025-07-24,1,-0.0752481210294406,0.156582627998702,10.78,-12.944074088172,-174.733787933515,1,9,10.94,51.692,10,-1.87456832894618
"Macro_Forest","middle_island",2025-07-24,2,0.384828473442292,0.141842370122812,9.54,-11.1983721870958,-160.420718185643,1,10,11.57,52.826,10,-1.28917107299481
"Macro_Forest","middle_island",2025-07-24,3,-0.114379259346812,0.200535525994562,7.27,-7.57061901114552,-146.603377338829,1,11,12.18,53.924,10,-0.515949126312496
"Macro_Forest","middle_island",2025-07-24,4,-0.431244748953713,0.221383431805832,4.37,-2.34323811150113,-133.44936202526,1,12,12.71,54.878,10,0.334932165191262
"Macro_Forest","middle_island",2025-07-24,5,-1.28124434326303,0.157927191630171,1.46,4.13937785402077,-120.913863799231,1,13,13.19,55.742,10,1.16027916420076
"Macro_Forest","middle_island",2025-07-24,6,-0.861074288645044,0.160629320996982,-0.86,11.5221507817358,-108.771705028048,1,14,13.6444444444444,56.56,9,1.85770702105621
"Macro_Forest","middle_island",2025-07-24,7,-0.887465844750229,0.112145262226663,-2.09,19.4573745561641,-96.6552253298297,1,15,13.975,57.155,8,2.27669229071742
"Macro_Forest","middle_island",2025-07-24,8,-1.03795328294953,0.124524237492933,-2.02,27.591401682914,-84.0632173752222,1,16,13.92,57.056,5,2.23296995783726
"Macro_Forest","middle_island",2025-07-24,9,-0.348204656504474,0.171124877401049,-0.72,35.5242381482475,-70.3390639486689,1,17,12.675,54.815,4,1.2981782642315
"Macro_Forest","middle_island",2025-07-24,10,-0.743104358909346,0.19862395588187,1.49,42.7432920761316,-54.6601978640068,1,18,11.1,51.98,7,0.00647282696366623
"Macro_Forest","middle_island",2025-07-24,11,-0.910907174343721,0.199143165530694,4.07,48.5469806017719,-36.1897524816493,1,19,10.11,50.198,10,-1.03531542043648
"Macro_Forest","middle_island",2025-07-24,12,-0.61499249680881,0.198363672945657,6.43,52.0515263152433,-14.6988299078319,1,20,10.05,50.09,10,-1.52379975187045
"Macro_Forest","middle_island",2025-07-24,13,-0.104746871956778,0.208910698052245,8.08,52.489005068445,8.4497574072295,1,21,10.03,50.054,10,-1.85326836787709
"Macro_Forest","middle_island",2025-07-24,14,-0.3583344413994,0.216861528408864,8.7,49.745827049313,30.5983974360971,1,22,10.28,50.504,10,-1.83561824303281
"Macro_Forest","middle_island",2025-07-24,15,-1.03234961155563,0.226534902944756,8.24,44.4628455078008,49.9050921254382,1,23,11.11,51.998,10,-1.29091853612895
"Macro_Forest","middle_island",2025-07-24,16,0.474879176439331,0.163622444267414,6.95,37.5377321200415,66.2569915323637,1,24,11.75,53.15,10,-0.690377387368882
"Macro_Forest","middle_island",2025-07-24,17,-0.475921382102987,0.202969600125921,5.3,29.7289949040218,80.4155882944541,1,25,12.17,53.906,10,-0.141192840162268
"Macro_Forest","middle_island",2025-07-24,18,-0.170248054650155,0.173350501327651,3.82,21.5927149061982,93.2356345546969,1,26,12.36,54.248,10,0.248841665206827
"Macro_Forest","middle_island",2025-07-24,19,1.07250958097823,0.102644389873879,3.01,13.5511974342056,105.420487996741,1,27,12.64,54.752,10,0.558988928411526
"Macro_Forest","middle_island",2025-07-24,20,1.33660593191636,0.0941085562320337,3.15,5.96516819206574,117.511162030302,1,28,12.66,54.788,10,0.542951940291202
"Macro_Forest","middle_island",2025-07-24,21,1.47264492820737,0.0641598751985342,4.27,-0.818576398509874,129.912232713903,1,29,12.04,53.672,10,-0.0137900305113295
"Macro_Forest","middle_island",2025-07-24,22,1.27524650467837,0.137110491707157,6.1,-6.44603640380355,142.892369511824,1,30,10.97,51.746,10,-0.954756546221176
"Macro_Forest","middle_island",2025-07-24,23,1.41793410611371,0.0806833525971308,8.19,-10.564820809344,156.551762422524,1,31,10.19,50.342,10,-1.78661418336021
"Macro_Forest","middle_island",2025-07-25,0,1.01211052903087,0.107478714722231,9.96,-12.8670097780341,170.78208538511,2,32,10.29,50.522,10,-2.0733304068757
"Macro_Forest","middle_island",2025-07-25,1,0.667086236241083,0.142252778778373,10.9,-13.156647733123,-174.725795000339,2,33,10.33,50.594,10,-2.232797510895
"Macro_Forest","middle_island",2025-07-25,2,0.620494121000325,0.147933752433581,10.65,-11.4079109143245,-160.38204582464,2,34,10.54,50.972,10,-2.06919167437158
"Macro_Forest","middle_island",2025-07-25,3,-0.10244285898927,0.176857095964397,9.14,-7.7737301107509,-146.538086452387,2,35,11.1,51.98,10,-1.47012933592529
"Macro_Forest","middle_island",2025-07-25,4,0.62819135740915,0.151756838547028,6.63,-2.5382516798652,-133.362638809036,2,36,11.88,53.384,10,-0.557203344745299
"Macro_Forest","middle_island",2025-07-25,5,-0.77259968269046,0.239606218763729,3.62,3.95235069271658,-120.810382823149,2,37,12.75,54.95,10,0.501668676241551
"Macro_Forest","middle_island",2025-07-25,6,-0.231895894208441,0.195913363510691,0.75,11.3415200377374,-108.65491818692,2,38,13.46,56.228,10,1.44563154006809
"Macro_Forest","middle_island",2025-07-25,7,0.190039611225379,0.163250709445761,-1.36,19.2803958179367,-96.5275585255752,2,39,14.04,57.272,10,2.1714916094186
"Macro_Forest","middle_island",2025-07-25,8,0.902631781528554,0.131684464542311,-2.25,27.4143831088427,-83.9270440144496,2,40,14.25,57.65,10,2.4586301759092
"Macro_Forest","middle_island",2025-07-25,9,1.08894758489218,0.12018244320676,-1.77,35.3427201810102,-70.1987394432387,2,41,13.93,57.074,10,2.19020788347383
"Macro_Forest","middle_island",2025-07-25,10,1.29112901375683,0.101193885067588,-0.09,42.5525984604896,-54.5259234123506,2,42,12.7,54.86,10,1.19030797887005
"Macro_Forest","middle_island",2025-07-25,11,1.2138047783057,0.0887833213405799,2.39,48.3440048173306,-36.082982929561,2,43,11.02,51.836,10,-0.211188260792679
"Macro_Forest","middle_island",2025-07-25,12,0.533452809784773,0.121565117109081,5.06,51.8382952345541,-14.6516802128336,2,44,10.36,50.648,10,-1.08908265510447
"Macro_Forest","middle_island",2025-07-25,13,-0.0555028506151426,0.163363939177689,7.33,52.2745626592296,8.41603161862549,2,45,10.01,50.018,10,-1.7194892465068
"Macro_Forest","middle_island",2025-07-25,14,0.105181625978137,0.156936368013653,8.7,49.5403439871589,30.4973288699119,2,46,10.12,50.216,10,-1.9235046155128
"Macro_Forest","middle_island",2025-07-25,15,-0.768954136013187,0.19531867666851,8.93,44.270084493337,49.7691315489031,2,47,10.52,50.936,10,-1.74818325914478
"Macro_Forest","middle_island",2025-07-25,16,-0.042840730754113,0.165547767638326,8.07,37.3553354130546,66.1110084156784,2,48,11.42,52.556,10,-1.08782530805143
"Macro_Forest","middle_island",2025-07-25,17,0.796878620002638,0.125772901924029,6.47,29.5522528881516,80.2720644792768,2,49,12.07,53.726,10,-0.421955094933514
"Macro_Forest","middle_island",2025-07-25,18,0.733268156294898,0.11086844660228,4.64,21.4168450151782,93.0998246783987,2,50,12.59,54.662,10,0.216902015376364
"Macro_Forest","middle_island",2025-07-25,19,1.32477166994126,0.0902697958317917,3.16,13.372105779394,105.294891156129,2,51,12.8,55.04,10,0.61792231730546
"Macro_Forest","middle_island",2025-07-25,20,1.25671490998137,0.111065180739235,2.5,5.77966047144579,117.397971475137,2,52,12.8,55.04,10,0.745315445084115
"Macro_Forest","middle_island",2025-07-25,21,1.15993592254895,0.118182155295,2.87,-1.01261590535618,129.814560528167,2,53,12.42,54.356,10,0.465167950931859
"Macro_Forest","middle_island",2025-07-25,22,1.29787293263872,0.125407672086617,4.23,-6.64933417693375,142.814684547721,2,54,11.55,52.79,10,-0.275221250608353
"Macro_Forest","middle_island",2025-07-25,23,0.476510253517139,0.153490878128583,6.23,-10.7763468147072,156.499467517673,2,55,10.94,51.692,10,-0.996327826835759
"Macro_Forest","middle_island",2025-07-26,0,0.730692498918223,0.155084735222085,8.36,-13.0838555202397,170.760075407061,3,56,10.47,50.846,10,-1.66562641291775
"Macro_Forest","middle_island",2025-07-26,1,0.69379774895515,0.12099084571381,10.02,-13.3745281725787,-174.715111988092,3,57,10.21,50.378,10,-2.12885478655012
"Macro_Forest","middle_island",2025-07-26,2,0.714576977534753,0.0756450395047212,10.71,-11.6223261077925,-160.339917038866,3,58,10.54,50.972,10,-2.080772867806
"Macro_Forest","middle_island",2025-07-26,3,0.822600758741104,0.0887279635826693,10.16,-7.98124085638878,-146.46876413707,3,59,10.99,51.782,10,-1.72743150539048
"Macro_Forest","middle_island",2025-07-26,4,0.578922627545525,0.140535617234352,8.38,-2.73721171429283,-133.271498106597,3,60,11.48,52.664,10,-1.11470408444929
"Macro_Forest","middle_island",2025-07-26,5,-0.705510563199141,0.205149511674778,5.72,3.76175043492,-120.702231227302,3,61,12.26,54.068,10,-0.172825109683235
"Macro_Forest","middle_island",2025-07-26,6,-0.19731221445183,0.197191951271196,2.75,11.1575733582929,-108.533274055421,3,62,12.8777777777778,55.18,9,0.739783014618457
"Macro_Forest","middle_island",2025-07-26,7,0.411877324442054,0.171619708093587,0.11,19.1002191047219,-96.3948646782733,3,63,13.55,56.39,10,1.61860035455526
"Macro_Forest","middle_island",2025-07-26,8,0.693028417652686,0.156127197565744,-1.59,27.2341274163082,-83.7856711846787,3,64,14.02,57.236,10,2.20490038769056
"Macro_Forest","middle_island",2025-07-26,9,0.97010471835825,0.123526793806035,-2,35.1577524969482,-70.053063613237,3,65,14.31,57.758,10,2.44333259294577
"Macro_Forest","middle_island",2025-07-26,10,0.29149097222377,0.145495835402551,-1.06,42.3580610316431,-54.3862522083801,3,66,13.73,56.714,10,1.9433057955665
"Macro_Forest","middle_island",2025-07-26,11,-0.46171759691043,0.175328997913646,0.96,48.1366321311929,-35.9710321412929,3,67,12.28,54.104,10,0.756935366007671
"Macro_Forest","middle_island",2025-07-26,12,-0.44865911926299,0.175040062565344,3.58,51.6200375257765,-14.5999956045583,3,68,11.03,51.854,10,-0.435389032295406
"Macro_Forest","middle_island",2025-07-26,13,-1.35398716420278,0.223033787464091,6.17,52.0545329340115,8.38567172663834,3,69,10.4,50.72,10,-1.28136314052131
"Macro_Forest","middle_island",2025-07-26,14,-1.59402599012823,0.200042956877162,8.14,49.3289300287215,30.3981161312356,3,70,10.48,50.864,10,-1.61766913871154
"Macro_Forest","middle_island",2025-07-26,15,-0.52406140090897,0.192367470106585,9.08,44.0712914328858,49.6336823554764,3,71,11.03,51.854,10,-1.49699843045087
"Macro_Forest","middle_island",2025-07-26,16,-1.54181825823326,0.180720673509485,8.85,37.1669465272929,65.964664525658,3,72,11.91,53.438,10,-0.969228806978958
"Macro_Forest","middle_island",2025-07-26,17,-1.90547169476964,0.210311237061193,7.61,29.3695946377061,80.1277390963372,3,73,12.67,54.806,10,-0.312423873387589
"Macro_Forest","middle_island",2025-07-26,18,-1.21054969317049,0.197420270459702,5.77,21.2351162813158,92.9630680598981,3,74,13.19,55.742,10,0.328363435828029
"Macro_Forest","middle_island",2025-07-26,19,-0.993947382208375,0.207202644339941,3.91,13.1871783038939,105.168403232254,3,75,13.57,56.426,10,0.896110566935126
"Macro_Forest","middle_island",2025-07-26,20,-0.522176193238707,0.18853816093956,2.56,5.58831167694911,117.284107106763,3,76,13.61,56.498,10,1.17865901232965
"Macro_Forest","middle_island",2025-07-26,21,-0.0505180812185359,0.178043581373957,2.14,-1.21250929903488,129.716592778018,3,77,13.5714285714286,56.4285714285714,7,1.2385404730049
"Macro_Forest","middle_island",2025-07-26,22,0.99580470119914,0.128305029724983,2.78,-6.85847232454143,142.737258505167,3,78,13.01,55.418,10,0.80662073960346
"Macro_Forest","middle_island",2025-07-26,23,0.131048381462635,0.16979263294132,4.35,-10.9936291180964,156.448162751148,3,79,12.3,54.14,10,0.11358373352276
"Macro_Forest","middle_island",2025-07-27,0,0.16982592789781,0.192819211170903,6.42,-13.306260425427,170.739913899365,4,80,11.45,52.61,10,-0.752863793764794
"Macro_Forest","middle_island",2025-07-27,1,-0.0701477141215776,0.20046588472004,8.44,-13.5976396187006,-174.701706819629,4,81,11,51.8,10,-1.38994439532368
"Macro_Forest","middle_island",2025-07-27,2,0.140339997396548,0.20422601286331,9.84,-11.8415381833184,-160.294308169859,4,82,10.98,51.764,10,-1.67115803868689
"Macro_Forest","middle_island",2025-07-27,3,-0.405956164681804,0.207033322697736,10.19,-8.19307006488283,-146.39539842607,4,83,11.2,52.16,10,-1.6178712382277
"Macro_Forest","middle_island",2025-07-27,4,-1.39715857158382,0.218738666606589,9.32,-2.94003810226438,-133.175941609865,4,84,11.66,52.988,10,-1.19727061254859
"Macro_Forest","middle_island",2025-07-27,5,-1.41118784957724,0.244175416145792,7.35,3.56765373310997,-120.589424813727,4,85,12.21,53.978,10,-0.514912022718395
"Macro_Forest","middle_island",2025-07-27,6,-1.03180525563364,0.198466636882516,4.69,10.970382325705,-108.406802322943,4,86,12.98,55.364,10,0.421474053767658
"Macro_Forest","middle_island",2025-07-27,7,-0.758912321727695,0.177812432997364,1.95,18.9169102996544,-96.2571873943208,4,87,13.8,56.84,7,1.4007662128996
"Macro_Forest","middle_island",2025-07-27,8,-0.502586494444131,0.156951228591882,-0.26,27.0506952668837,-83.6391571753987,4,88,14.21,57.578,10,2.0525490005475
"Macro_Forest","middle_island",2025-07-27,9,0.277738033011902,0.173450283546111,-1.43,34.9693924103794,-69.9021104473797,4,89,14.37,57.866,10,2.36626864499875
"Macro_Forest","middle_island",2025-07-27,10,0.0768887142406716,0.209115082695474,-1.29,42.1597374334917,-54.2412722431273,4,90,14.01,57.218,10,2.14150152223845
"Macro_Forest","middle_island",2025-07-27,11,1.13926860777395,0.124803469452306,0.08,47.9249256179091,-35.8539893572896,4,91,13.21,55.778,10,1.43763240975249
"Macro_Forest","middle_island",2025-07-27,12,0.83239058150035,0.142775654036806,2.33,51.3968246300823,-14.5438331694719,4,92,12.53,54.554,10,0.629820572921661
"Macro_Forest","middle_island",2025-07-27,13,-0.331118563349489,0.232530405229135,4.91,51.828990669349,8.35869027557772,4,93,12.2,53.96,10,-0.0494363879985181
"Macro_Forest","middle_island",2025-07-27,14,-0.585399966831942,0.206264618287514,7.22,49.1116532102345,30.3008389146871,4,94,12.11,53.798,10,-0.544748419743806
"Macro_Forest","middle_island",2025-07-27,15,-0.40702844871456,0.200568130152446,8.74,43.866523245662,49.4988543720827,4,95,12.38,54.284,10,-0.689830399855876
"Macro_Forest","middle_island",2025-07-27,16,-1.41369824489993,0.183087543604263,9.18,36.9726139939074,65.8180701153918,4,96,12.49,54.482,10,-0.714337270628319
"Macro_Forest","middle_island",2025-07-27,17,-1.20136827890178,0.202863852691895,8.49,29.1810650259465,79.9827109919253,4,97,12.72,54.896,10,-0.454816885692464
"Macro_Forest","middle_island",2025-07-27,18,-1.20535506674941,0.232549479594771,6.94,21.0475737873596,92.8254499421897,4,98,13.06,55.508,10,0.0311224862167832
"Macro_Forest","middle_island",2025-07-27,19,-1.11585196453661,0.190186413484153,4.99,12.9964628387084,105.041096862004,4,99,13.32,55.976,10,0.550326628115522
"Macro_Forest","middle_island",2025-07-27,20,-0.400345135295873,0.198166903498738,3.22,5.39117384564466,117.169630630016,4,100,13.48,56.264,10,0.979858206910998
"Macro_Forest","middle_island",2025-07-27,21,0.63050346839126,0.178288953616165,2.11,-1.41819964724192,129.618381993792,4,101,13.7,56.66,10,1.31495404760782
"Macro_Forest","middle_island",2025-07-27,22,0.183456887971799,0.168532820291581,1.99,-7.07338880464389,142.660136610037,4,102,13.79,56.822,10,1.38755251899666
"Macro_Forest","middle_island",2025-07-27,23,0.304480397479362,0.158163332824406,2.88,-11.2166005527545,156.397887900523,4,103,13.58,56.444,10,1.10041395250606
"Macro_Forest","middle_island",2025-07-28,0,-0.0215626071058311,0.184815864666565,4.55,-13.5341522545514,170.721636186677,5,104,13.36,56.048,10,0.657226973087957
"Macro_Forest","middle_island",2025-07-28,1,-0.478751534905929,0.153394870194632,6.54,-13.8259051414037,-174.685549631941,5,105,13.36,56.048,10,0.273117390846254
"Macro_Forest","middle_island",2025-07-28,2,-0.700218576653609,0.154661262676186,8.31,-12.0654667459828,-160.245197834916,5,106,13.22,55.796,10,-0.145428391389223
"Macro_Forest","middle_island",2025-07-28,3,-0.212112687364018,0.18949475272116,9.36,-8.40913609558011,-146.317979746608,5,107,13.2,55.76,10,-0.359085073051628
"Macro_Forest","middle_island",2025-07-28,4,-0.422270729766677,0.225381432280792,9.36,-3.14665063696991,-133.075973532807,5,108,13.2,55.76,10,-0.359085073051628
"Macro_Forest","middle_island",2025-07-28,5,-0.882164313702853,0.214496510557462,8.24,3.37013699009634,-120.471982012432,5,109,13.41,56.138,10,-0.0275519317290734
"Macro_Forest","middle_island",2025-07-28,6,-0.513178137638731,0.222684539554131,6.22,10.7800179793323,-108.275535398641,5,110,13.65,56.57,10,0.494177805949828
"Macro_Forest","middle_island",2025-07-28,7,0.514724026621181,0.176445810800744,3.75,18.7305345246368,-96.1145731128867,5,111,13.93,57.074,10,1.1247380875069
"Macro_Forest","middle_island",2025-07-28,8,0.931298507993015,0.137871502197709,1.41,26.8641464435239,-83.4875632786299,5,112,14.16,57.488,10,1.70274129188939
"Macro_Forest","middle_island",2025-07-28,9,1.03449129972079,0.140766985780758,-0.23,34.7776963600847,-69.7459572134828,5,113,14.3,57.74,10,2.09619448835029
"Macro_Forest","middle_island",2025-07-28,10,0.0574712879530826,0.208740941688743,-0.79,41.9576845996107,-54.0910751993303,5,114,14.34,57.812,10,2.22625722019157
"Macro_Forest","middle_island",2025-07-28,11,0.142256531607387,0.194721867799079,-0.14,47.7089479977568,-35.7319482023802,5,115,14.05,57.29,10,1.94150024119866
"Macro_Forest","middle_island",2025-07-28,12,0.393218972085049,0.198730678673571,1.54,51.1687282351163,-14.4832556333309,5,116,13.56,56.408,10,1.34807480931484
"Macro_Forest","middle_island",2025-07-28,13,0.737481479322642,0.134999520119756,3.83,51.5980117827465,8.3350927766502,5,117,13.46,56.228,10,0.85113027710103
"Macro_Forest","middle_island",2025-07-28,14,-0.436356050674305,0.199926949819839,6.18,48.8885836653145,30.2055699739414,5,118,12.91,55.238,10,0.0954241288528179
"Macro_Forest","middle_island",2025-07-28,15,-0.454894680641982,0.194974429086505,8.05,43.6558395595579,49.3647519806895,5,119,12.89,55.202,10,-0.276508863080038
