TYPE,SITE,Mean(Mean Red Urchin Biomass / m2),Mean(Mean Stipe Density (m^2)),"Mean(Strongylocentrotus franciscanus, red urchin m^2)","Mean(Strongylocentrotus, green urchin m^2)","Mean(Haliotis kamtschatkana, pinto abalone)","Mean(Apostichopus californicus, California cucumber)",total urchin density,mean relief,variance relief
Barren,Harris_Island,162.4128492,0,1.1,8.421052632,6.666666667,0.3333333333,9.521052632,0.3066666667,0.1092829132
Barren,Samsing_Cove,219.0811983,0,2.5,3.815789474,12.66666667,0.3333333333,6.315789474,1.209166667,0.792414548
Barren,Sandy_Cove,155.1619073,0,2.788461538,4.393939394,21.57843137,1.833333333,7.182400932,0.3771186441,0.1525277615
Macro_Forest,Battery_Island,130.0687534,1.34,0.4,0.1,1.5,0,0.5,1.193333333,0.7980903955
Macro_Forest,Crow_Island,0.073929431,1.1,0.05,0.05,4.5,0,0.1,0.8508333333,0.7935162429
Macro_Forest,Middle_Island,0.4509064309,3.375,0.05,0.1,4.333333333,0,0.15,0.6883333333,0.5345225989